Group,Word,Validity,Condition,Round,ID_1,ID_2,Year
1701,search,1,Type_1,2,euXQGFGfc,gj6PxQbd6,17
1701,heal,1,Type_1,2,euXQGFGfc,gj6PxQbd6,17
1701,hear,1,Type_1,2,euXQGFGfc,gj6PxQbd6,17
1701,race,1,Type_1,2,euXQGFGfc,gj6PxQbd6,17
1701,seal,1,Type_1,2,euXQGFGfc,gj6PxQbd6,17
1701,real,1,Type_1,2,euXQGFGfc,gj6PxQbd6,17
1701,car,1,Type_1,2,euXQGFGfc,gj6PxQbd6,17
1701,cars,1,Type_1,2,euXQGFGfc,gj6PxQbd6,17
1701,ear,1,Type_1,2,euXQGFGfc,gj6PxQbd6,17
1701,eras,1,Type_1,2,euXQGFGfc,gj6PxQbd6,17
1701,era,1,Type_1,2,euXQGFGfc,gj6PxQbd6,17
1701,ears,1,Type_1,2,euXQGFGfc,gj6PxQbd6,17
1701,he,1,Type_1,2,euXQGFGfc,gj6PxQbd6,17
1701,sea,1,Type_1,2,euXQGFGfc,gj6PxQbd6,17
1701,as,1,Type_1,2,euXQGFGfc,gj6PxQbd6,17
1701,hers,1,Type_1,2,euXQGFGfc,gj6PxQbd6,17
1701,has,1,Type_1,2,euXQGFGfc,gj6PxQbd6,17
1701,case,1,Type_1,2,euXQGFGfc,gj6PxQbd6,17
1701,chase,1,Type_1,2,euXQGFGfc,gj6PxQbd6,17
1701,arch,1,Type_1,2,euXQGFGfc,gj6PxQbd6,17
1701,arches,1,Type_1,2,euXQGFGfc,gj6PxQbd6,17
1701,ace,1,Type_1,2,euXQGFGfc,gj6PxQbd6,17
1701,aces,1,Type_1,2,euXQGFGfc,gj6PxQbd6,17
1701,sale,1,Type_1,2,euXQGFGfc,gj6PxQbd6,17
1701,reach,1,Type_1,2,euXQGFGfc,gj6PxQbd6,17
1701,laser,1,Type_1,2,euXQGFGfc,gj6PxQbd6,17
1701,chase,1,Type_1,2,euXQGFGfc,gj6PxQbd6,17
1701,cash,1,Type_1,2,euXQGFGfc,gj6PxQbd6,17
1708,chase,1,Type_1,2,ylyjJTtUa,pMkk89CN2,17
1708,car,1,Type_1,2,ylyjJTtUa,pMkk89CN2,17
1708,cars,1,Type_1,2,ylyjJTtUa,pMkk89CN2,17
1708,sale,1,Type_1,2,ylyjJTtUa,pMkk89CN2,17
1708,seal,1,Type_1,2,ylyjJTtUa,pMkk89CN2,17
1708,case,1,Type_1,2,ylyjJTtUa,pMkk89CN2,17
1708,race,1,Type_1,2,ylyjJTtUa,pMkk89CN2,17
1708,races,1,Type_1,2,ylyjJTtUa,pMkk89CN2,17
1708,lace,1,Type_1,2,ylyjJTtUa,pMkk89CN2,17
1708,laces,1,Type_1,2,ylyjJTtUa,pMkk89CN2,17
1708,rash,1,Type_1,2,ylyjJTtUa,pMkk89CN2,17
1708,heal,1,Type_1,2,ylyjJTtUa,pMkk89CN2,17
1708,heals,1,Type_1,2,ylyjJTtUa,pMkk89CN2,17
1708,hare,1,Type_1,2,ylyjJTtUa,pMkk89CN2,17
1708,hares,1,Type_1,2,ylyjJTtUa,pMkk89CN2,17
1708,care,1,Type_1,2,ylyjJTtUa,pMkk89CN2,17
1708,cares,1,Type_1,2,ylyjJTtUa,pMkk89CN2,17
1708,her,1,Type_1,2,ylyjJTtUa,pMkk89CN2,17
1708,her,1,Type_1,2,ylyjJTtUa,pMkk89CN2,17
1708,hers,1,Type_1,2,ylyjJTtUa,pMkk89CN2,17
1708,cash,1,Type_1,2,ylyjJTtUa,pMkk89CN2,17
1708,cars,1,Type_1,2,ylyjJTtUa,pMkk89CN2,17
1708,carse,1,Type_1,2,ylyjJTtUa,pMkk89CN2,17
1708,real,1,Type_1,2,ylyjJTtUa,pMkk89CN2,17
1708,share,1,Type_1,2,ylyjJTtUa,pMkk89CN2,17
1708,search,1,Type_1,2,ylyjJTtUa,pMkk89CN2,17
1708,clear,1,Type_1,2,ylyjJTtUa,pMkk89CN2,17
1708,hear,1,Type_1,2,ylyjJTtUa,pMkk89CN2,17
1708,hears,1,Type_1,2,ylyjJTtUa,pMkk89CN2,17
1708,share,1,Type_1,2,ylyjJTtUa,pMkk89CN2,17
1708,leash,1,Type_1,2,ylyjJTtUa,pMkk89CN2,17
1708,sear,1,Type_1,2,ylyjJTtUa,pMkk89CN2,17
1708,case,1,Type_1,2,ylyjJTtUa,pMkk89CN2,17
1708,arch,1,Type_1,2,ylyjJTtUa,pMkk89CN2,17
1708,ale,1,Type_1,2,ylyjJTtUa,pMkk89CN2,17
1708,arc,1,Type_1,2,ylyjJTtUa,pMkk89CN2,17
1708,arse,1,Type_1,2,ylyjJTtUa,pMkk89CN2,17
1708,ear,1,Type_1,2,ylyjJTtUa,pMkk89CN2,17
1708,ears,1,Type_1,2,ylyjJTtUa,pMkk89CN2,17
1708,era,1,Type_1,2,ylyjJTtUa,pMkk89CN2,17
1708,eras,1,Type_1,2,ylyjJTtUa,pMkk89CN2,17
1708,acres,1,Type_1,2,ylyjJTtUa,pMkk89CN2,17
1713,races,1,Type_1,2,req8mooHO,EqVAWGoFs,17
1713,lace,1,Type_1,2,req8mooHO,EqVAWGoFs,17
1713,laces,1,Type_1,2,req8mooHO,EqVAWGoFs,17
1713,race,1,Type_1,2,req8mooHO,EqVAWGoFs,17
1713,races,1,Type_1,2,req8mooHO,EqVAWGoFs,17
1713,car,1,Type_1,2,req8mooHO,EqVAWGoFs,17
1713,cars,1,Type_1,2,req8mooHO,EqVAWGoFs,17
1713,shale,1,Type_1,2,req8mooHO,EqVAWGoFs,17
1713,care,1,Type_1,2,req8mooHO,EqVAWGoFs,17
1713,cares,1,Type_1,2,req8mooHO,EqVAWGoFs,17
1713,heal,1,Type_1,2,req8mooHO,EqVAWGoFs,17
1713,case,1,Type_1,2,req8mooHO,EqVAWGoFs,17
1713,seal,1,Type_1,2,req8mooHO,EqVAWGoFs,17
1713,real,1,Type_1,2,req8mooHO,EqVAWGoFs,17
1713,hare,1,Type_1,2,req8mooHO,EqVAWGoFs,17
1713,hares,1,Type_1,2,req8mooHO,EqVAWGoFs,17
1713,sear,1,Type_1,2,req8mooHO,EqVAWGoFs,17
1713,sea,1,Type_1,2,req8mooHO,EqVAWGoFs,17
1713,seal,1,Type_1,2,req8mooHO,EqVAWGoFs,17
1713,ace,1,Type_1,2,req8mooHO,EqVAWGoFs,17
1713,aces,1,Type_1,2,req8mooHO,EqVAWGoFs,17
1713,crash,1,Type_1,2,req8mooHO,EqVAWGoFs,17
1713,ale,1,Type_1,2,req8mooHO,EqVAWGoFs,17
1713,arc,1,Type_1,2,req8mooHO,EqVAWGoFs,17
1713,arcs,1,Type_1,2,req8mooHO,EqVAWGoFs,17
1713,arch,1,Type_1,2,req8mooHO,EqVAWGoFs,17
1713,ear,1,Type_1,2,req8mooHO,EqVAWGoFs,17
1713,ears,1,Type_1,2,req8mooHO,EqVAWGoFs,17
1713,earl,1,Type_1,2,req8mooHO,EqVAWGoFs,17
1713,earl,1,Type_1,2,req8mooHO,EqVAWGoFs,17
1713,earls,1,Type_1,2,req8mooHO,EqVAWGoFs,17
1713,chase,1,Type_1,2,req8mooHO,EqVAWGoFs,17
1713,arse,1,Type_1,2,req8mooHO,EqVAWGoFs,17
1710,sea,1,Type_0,2,3oCPn2lZC,cF4q5aTzO,17
1710,heal,1,Type_0,2,3oCPn2lZC,cF4q5aTzO,17
1710,heals,1,Type_0,2,3oCPn2lZC,cF4q5aTzO,17
1710,car,1,Type_0,2,3oCPn2lZC,cF4q5aTzO,17
1710,cars,1,Type_0,2,3oCPn2lZC,cF4q5aTzO,17
1710,reach,1,Type_0,2,3oCPn2lZC,cF4q5aTzO,17
1710,real,1,Type_0,2,3oCPn2lZC,cF4q5aTzO,17
1710,ache,1,Type_0,2,3oCPn2lZC,cF4q5aTzO,17
1710,leach,1,Type_0,2,3oCPn2lZC,cF4q5aTzO,17
1710,lear,1,Type_0,2,3oCPn2lZC,cF4q5aTzO,17
1710,real,1,Type_0,2,3oCPn2lZC,cF4q5aTzO,17
1710,reals,1,Type_0,2,3oCPn2lZC,cF4q5aTzO,17
1710,she,1,Type_0,2,3oCPn2lZC,cF4q5aTzO,17
1710,he,1,Type_0,2,3oCPn2lZC,cF4q5aTzO,17
1710,shea,1,Type_0,2,3oCPn2lZC,cF4q5aTzO,17
1710,seal,1,Type_0,2,3oCPn2lZC,cF4q5aTzO,17
1710,hear,1,Type_0,2,3oCPn2lZC,cF4q5aTzO,17
1710,hears,1,Type_0,2,3oCPn2lZC,cF4q5aTzO,17
1710,chase,1,Type_0,2,3oCPn2lZC,cF4q5aTzO,17
1710,has,1,Type_0,2,3oCPn2lZC,cF4q5aTzO,17
1710,arse,1,Type_0,2,3oCPn2lZC,cF4q5aTzO,17
1710,search,1,Type_0,2,3oCPn2lZC,cF4q5aTzO,17
1710,leash,1,Type_0,2,3oCPn2lZC,cF4q5aTzO,17
1710,lash,1,Type_0,2,3oCPn2lZC,cF4q5aTzO,17
1710,rash,1,Type_0,2,3oCPn2lZC,cF4q5aTzO,17
1710,cash,1,Type_0,2,3oCPn2lZC,cF4q5aTzO,17
1710,hale,1,Type_0,2,3oCPn2lZC,cF4q5aTzO,17
1710,ear,1,Type_0,2,3oCPn2lZC,cF4q5aTzO,17
1710,lear,1,Type_0,2,3oCPn2lZC,cF4q5aTzO,17
1710,leach,1,Type_0,2,3oCPn2lZC,cF4q5aTzO,17
1709,has,1,Type_1,2,TOuPABJpH,c97gMUcQ6,17
1709,scar,1,Type_1,2,TOuPABJpH,c97gMUcQ6,17
1709,case,1,Type_1,2,TOuPABJpH,c97gMUcQ6,17
1709,seal,1,Type_1,2,TOuPABJpH,c97gMUcQ6,17
1709,heal,1,Type_1,2,TOuPABJpH,c97gMUcQ6,17
1709,real,1,Type_1,2,TOuPABJpH,c97gMUcQ6,17
1709,lace,1,Type_1,2,TOuPABJpH,c97gMUcQ6,17
1709,laser,1,Type_1,2,TOuPABJpH,c97gMUcQ6,17
1709,case,1,Type_1,2,TOuPABJpH,c97gMUcQ6,17
1709,race,1,Type_1,2,TOuPABJpH,c97gMUcQ6,17
1709,hale,1,Type_1,2,TOuPABJpH,c97gMUcQ6,17
1709,haler,1,Type_1,2,TOuPABJpH,c97gMUcQ6,17
1709,reach,1,Type_1,2,TOuPABJpH,c97gMUcQ6,17
1709,leach,1,Type_1,2,TOuPABJpH,c97gMUcQ6,17
1709,reach,1,Type_1,2,TOuPABJpH,c97gMUcQ6,17
1709,car,1,Type_1,2,TOuPABJpH,c97gMUcQ6,17
1709,cars,1,Type_1,2,TOuPABJpH,c97gMUcQ6,17
1709,hear,1,Type_1,2,TOuPABJpH,c97gMUcQ6,17
1709,hears,1,Type_1,2,TOuPABJpH,c97gMUcQ6,17
1709,ear,1,Type_1,2,TOuPABJpH,c97gMUcQ6,17
1709,ears,1,Type_1,2,TOuPABJpH,c97gMUcQ6,17
1709,era,1,Type_1,2,TOuPABJpH,c97gMUcQ6,17
1709,eras,1,Type_1,2,TOuPABJpH,c97gMUcQ6,17
1709,res,1,Type_1,2,TOuPABJpH,c97gMUcQ6,17
1709,real,1,Type_1,2,TOuPABJpH,c97gMUcQ6,17
1709,char,1,Type_1,2,TOuPABJpH,c97gMUcQ6,17
1709,chars,1,Type_1,2,TOuPABJpH,c97gMUcQ6,17
1709,search,1,Type_1,2,TOuPABJpH,c97gMUcQ6,17
1709,her,1,Type_1,2,TOuPABJpH,c97gMUcQ6,17
1709,hers,1,Type_1,2,TOuPABJpH,c97gMUcQ6,17
1709,he,1,Type_1,2,TOuPABJpH,c97gMUcQ6,17
1709,hes,1,Type_1,2,TOuPABJpH,c97gMUcQ6,17
1709,reach,1,Type_1,2,TOuPABJpH,c97gMUcQ6,17
1709,sea,1,Type_1,2,TOuPABJpH,c97gMUcQ6,17
1711,has,1,Type_1,2,7kFJxdmGu,x1KRHt166,17
1711,arse,1,Type_1,2,7kFJxdmGu,x1KRHt166,17
1711,laser,1,Type_1,2,7kFJxdmGu,x1KRHt166,17
1711,case,1,Type_1,2,7kFJxdmGu,x1KRHt166,17
1711,race,1,Type_1,2,7kFJxdmGu,x1KRHt166,17
1711,crash,1,Type_1,2,7kFJxdmGu,x1KRHt166,17
1711,clash,1,Type_1,2,7kFJxdmGu,x1KRHt166,17
1711,car,1,Type_1,2,7kFJxdmGu,x1KRHt166,17
1711,cars,1,Type_1,2,7kFJxdmGu,x1KRHt166,17
1711,hare,1,Type_1,2,7kFJxdmGu,x1KRHt166,17
1711,hares,1,Type_1,2,7kFJxdmGu,x1KRHt166,17
1711,care,1,Type_1,2,7kFJxdmGu,x1KRHt166,17
1711,hear,1,Type_1,2,7kFJxdmGu,x1KRHt166,17
1711,cares,1,Type_1,2,7kFJxdmGu,x1KRHt166,17
1711,seal,1,Type_1,2,7kFJxdmGu,x1KRHt166,17
1711,real,1,Type_1,2,7kFJxdmGu,x1KRHt166,17
1711,heal,1,Type_1,2,7kFJxdmGu,x1KRHt166,17
1711,sea,1,Type_1,2,7kFJxdmGu,x1KRHt166,17
1711,carl,1,Type_1,2,7kFJxdmGu,x1KRHt166,17
1711,as,1,Type_1,2,7kFJxdmGu,x1KRHt166,17
1711,rash,1,Type_1,2,7kFJxdmGu,x1KRHt166,17
1711,ear,1,Type_1,2,7kFJxdmGu,x1KRHt166,17
1711,ears,1,Type_1,2,7kFJxdmGu,x1KRHt166,17
1711,scar,1,Type_1,2,7kFJxdmGu,x1KRHt166,17
1711,arc,1,Type_1,2,7kFJxdmGu,x1KRHt166,17
1711,search,1,Type_1,2,7kFJxdmGu,x1KRHt166,17
1711,reach,1,Type_1,2,7kFJxdmGu,x1KRHt166,17
1711,leach,1,Type_1,2,7kFJxdmGu,x1KRHt166,17
1711,lash,1,Type_1,2,7kFJxdmGu,x1KRHt166,17
1711,cash,1,Type_1,2,7kFJxdmGu,x1KRHt166,17
1711,rash,1,Type_1,2,7kFJxdmGu,x1KRHt166,17
1703,search,1,Type_0,2,vBBoGYb80,t7SNYioUo,17
1703,race,1,Type_0,2,vBBoGYb80,t7SNYioUo,17
1703,chase,1,Type_0,2,vBBoGYb80,t7SNYioUo,17
1703,races,1,Type_0,2,vBBoGYb80,t7SNYioUo,17
1703,case,1,Type_0,2,vBBoGYb80,t7SNYioUo,17
1703,care,1,Type_0,2,vBBoGYb80,t7SNYioUo,17
1703,cares,1,Type_0,2,vBBoGYb80,t7SNYioUo,17
1703,reach,1,Type_0,2,vBBoGYb80,t7SNYioUo,17
1703,car,1,Type_0,2,vBBoGYb80,t7SNYioUo,17
1703,cars,1,Type_0,2,vBBoGYb80,t7SNYioUo,17
1703,lase,1,Type_0,2,vBBoGYb80,t7SNYioUo,17
1703,lacer,1,Type_0,2,vBBoGYb80,t7SNYioUo,17
1703,laser,1,Type_0,2,vBBoGYb80,t7SNYioUo,17
1703,hear,1,Type_0,2,vBBoGYb80,t7SNYioUo,17
1703,ear,1,Type_0,2,vBBoGYb80,t7SNYioUo,17
1703,ears,1,Type_0,2,vBBoGYb80,t7SNYioUo,17
1703,her,1,Type_0,2,vBBoGYb80,t7SNYioUo,17
1703,she,1,Type_0,2,vBBoGYb80,t7SNYioUo,17
1703,he,1,Type_0,2,vBBoGYb80,t7SNYioUo,17
1703,hes,1,Type_0,2,vBBoGYb80,t7SNYioUo,17
1703,chase,1,Type_0,2,vBBoGYb80,t7SNYioUo,17
1703,sear,1,Type_0,2,vBBoGYb80,t7SNYioUo,17
1703,seal,1,Type_0,2,vBBoGYb80,t7SNYioUo,17
1703,leach,1,Type_0,2,vBBoGYb80,t7SNYioUo,17
1705,search,1,Type_0,2,t2YVPYZKE,GByx75rHq,17
1705,race,1,Type_0,2,t2YVPYZKE,GByx75rHq,17
1705,races,1,Type_0,2,t2YVPYZKE,GByx75rHq,17
1705,laser,1,Type_0,2,t2YVPYZKE,GByx75rHq,17
1705,case,1,Type_0,2,t2YVPYZKE,GByx75rHq,17
1705,car,1,Type_0,2,t2YVPYZKE,GByx75rHq,17
1705,cars,1,Type_0,2,t2YVPYZKE,GByx75rHq,17
1705,her,1,Type_0,2,t2YVPYZKE,GByx75rHq,17
1705,hers,1,Type_0,2,t2YVPYZKE,GByx75rHq,17
1705,arse,1,Type_0,2,t2YVPYZKE,GByx75rHq,17
1705,sale,1,Type_0,2,t2YVPYZKE,GByx75rHq,17
1705,scale,1,Type_0,2,t2YVPYZKE,GByx75rHq,17
1705,heal,1,Type_0,2,t2YVPYZKE,GByx75rHq,17
1705,heals,1,Type_0,2,t2YVPYZKE,GByx75rHq,17
1705,seal,1,Type_0,2,t2YVPYZKE,GByx75rHq,17
1705,chase,1,Type_0,2,t2YVPYZKE,GByx75rHq,17
1705,ace,1,Type_0,2,t2YVPYZKE,GByx75rHq,17
1705,aces,1,Type_0,2,t2YVPYZKE,GByx75rHq,17
1705,crash,1,Type_0,2,t2YVPYZKE,GByx75rHq,17
1705,lash,1,Type_0,2,t2YVPYZKE,GByx75rHq,17
1705,rash,1,Type_0,2,t2YVPYZKE,GByx75rHq,17
1705,cash,1,Type_0,2,t2YVPYZKE,GByx75rHq,17
1705,as,1,Type_0,2,t2YVPYZKE,GByx75rHq,17
1705,ear,1,Type_0,2,t2YVPYZKE,GByx75rHq,17
1705,ears,1,Type_0,2,t2YVPYZKE,GByx75rHq,17
1705,are,1,Type_0,2,t2YVPYZKE,GByx75rHq,17
1705,hare,1,Type_0,2,t2YVPYZKE,GByx75rHq,17
1705,hares,1,Type_0,2,t2YVPYZKE,GByx75rHq,17
1707,chase,1,Type_1,2,RvTIw5pYa,sf66omHEV,17
1707,hare,1,Type_1,2,RvTIw5pYa,sf66omHEV,17
1707,chear,1,Type_1,2,RvTIw5pYa,sf66omHEV,17
1707,sea,1,Type_1,2,RvTIw5pYa,sf66omHEV,17
1707,race,1,Type_1,2,RvTIw5pYa,sf66omHEV,17
1707,races,1,Type_1,2,RvTIw5pYa,sf66omHEV,17
1707,hear,1,Type_1,2,RvTIw5pYa,sf66omHEV,17
1707,hears,1,Type_1,2,RvTIw5pYa,sf66omHEV,17
1707,her,1,Type_1,2,RvTIw5pYa,sf66omHEV,17
1707,he,1,Type_1,2,RvTIw5pYa,sf66omHEV,17
1707,car,1,Type_1,2,RvTIw5pYa,sf66omHEV,17
1707,cars,1,Type_1,2,RvTIw5pYa,sf66omHEV,17
1707,share,1,Type_1,2,RvTIw5pYa,sf66omHEV,17
1707,res,1,Type_1,2,RvTIw5pYa,sf66omHEV,17
1707,rec,1,Type_1,2,RvTIw5pYa,sf66omHEV,17
1707,recs,1,Type_1,2,RvTIw5pYa,sf66omHEV,17
1707,sec,1,Type_1,2,RvTIw5pYa,sf66omHEV,17
1707,lace,1,Type_1,2,RvTIw5pYa,sf66omHEV,17
1707,laces,1,Type_1,2,RvTIw5pYa,sf66omHEV,17
1707,ear,1,Type_1,2,RvTIw5pYa,sf66omHEV,17
1707,ears,1,Type_1,2,RvTIw5pYa,sf66omHEV,17
1707,hears,1,Type_1,2,RvTIw5pYa,sf66omHEV,17
1707,seal,1,Type_1,2,RvTIw5pYa,sf66omHEV,17
1707,hale,1,Type_1,2,RvTIw5pYa,sf66omHEV,17
1707,ace,1,Type_1,2,RvTIw5pYa,sf66omHEV,17
1707,aces,1,Type_1,2,RvTIw5pYa,sf66omHEV,17
1707,heal,1,Type_1,2,RvTIw5pYa,sf66omHEV,17
1707,heals,1,Type_1,2,RvTIw5pYa,sf66omHEV,17
1707,ale,1,Type_1,2,RvTIw5pYa,sf66omHEV,17
1707,ales,1,Type_1,2,RvTIw5pYa,sf66omHEV,17
1707,case,1,Type_1,2,RvTIw5pYa,sf66omHEV,17
1707,care,1,Type_1,2,RvTIw5pYa,sf66omHEV,17
1707,cares,1,Type_1,2,RvTIw5pYa,sf66omHEV,17
1707,leash,1,Type_1,2,RvTIw5pYa,sf66omHEV,17
1707,scale,1,Type_1,2,RvTIw5pYa,sf66omHEV,17
1707,scar,1,Type_1,2,RvTIw5pYa,sf66omHEV,17
1707,sale,1,Type_1,2,RvTIw5pYa,sf66omHEV,17
1707,sal,1,Type_1,2,RvTIw5pYa,sf66omHEV,17
1707,real,1,Type_1,2,RvTIw5pYa,sf66omHEV,17
1702,real,1,Type_0,2,SKyt2yBGC,TMo5J6rJu,17
1702,sea,1,Type_0,2,SKyt2yBGC,TMo5J6rJu,17
1702,seal,1,Type_0,2,SKyt2yBGC,TMo5J6rJu,17
1702,heal,1,Type_0,2,SKyt2yBGC,TMo5J6rJu,17
1702,heals,1,Type_0,2,SKyt2yBGC,TMo5J6rJu,17
1702,case,1,Type_0,2,SKyt2yBGC,TMo5J6rJu,17
1702,hear,1,Type_0,2,SKyt2yBGC,TMo5J6rJu,17
1702,hears,1,Type_0,2,SKyt2yBGC,TMo5J6rJu,17
1702,chase,1,Type_0,2,SKyt2yBGC,TMo5J6rJu,17
1702,clear,1,Type_0,2,SKyt2yBGC,TMo5J6rJu,17
1702,clears,1,Type_0,2,SKyt2yBGC,TMo5J6rJu,17
1702,has,1,Type_0,2,SKyt2yBGC,TMo5J6rJu,17
1702,ale,1,Type_0,2,SKyt2yBGC,TMo5J6rJu,17
1702,ales,1,Type_0,2,SKyt2yBGC,TMo5J6rJu,17
1702,real,1,Type_0,2,SKyt2yBGC,TMo5J6rJu,17
1702,ace,1,Type_0,2,SKyt2yBGC,TMo5J6rJu,17
1702,aces,1,Type_0,2,SKyt2yBGC,TMo5J6rJu,17
1702,lace,1,Type_0,2,SKyt2yBGC,TMo5J6rJu,17
1702,laces,1,Type_0,2,SKyt2yBGC,TMo5J6rJu,17
1702,share,1,Type_0,2,SKyt2yBGC,TMo5J6rJu,17
1702,scare,1,Type_0,2,SKyt2yBGC,TMo5J6rJu,17
1702,scar,1,Type_0,2,SKyt2yBGC,TMo5J6rJu,17
1702,car,1,Type_0,2,SKyt2yBGC,TMo5J6rJu,17
1702,cars,1,Type_0,2,SKyt2yBGC,TMo5J6rJu,17
1702,carl,1,Type_0,2,SKyt2yBGC,TMo5J6rJu,17
1702,leach,1,Type_0,2,SKyt2yBGC,TMo5J6rJu,17
1702,sear,1,Type_0,2,SKyt2yBGC,TMo5J6rJu,17
1702,race,1,Type_0,2,SKyt2yBGC,TMo5J6rJu,17
1702,races,1,Type_0,2,SKyt2yBGC,TMo5J6rJu,17
1702,lace,1,Type_0,2,SKyt2yBGC,TMo5J6rJu,17
1702,laser,1,Type_0,2,SKyt2yBGC,TMo5J6rJu,17
1702,shea,1,Type_0,2,SKyt2yBGC,TMo5J6rJu,17
1702,sec,1,Type_0,2,SKyt2yBGC,TMo5J6rJu,17
1702,rec,1,Type_0,2,SKyt2yBGC,TMo5J6rJu,17
1702,real,1,Type_0,2,SKyt2yBGC,TMo5J6rJu,17
1702,char,1,Type_0,2,SKyt2yBGC,TMo5J6rJu,17
1702,crash,1,Type_0,2,SKyt2yBGC,TMo5J6rJu,17
1702,lash,1,Type_0,2,SKyt2yBGC,TMo5J6rJu,17
1702,rash,1,Type_0,2,SKyt2yBGC,TMo5J6rJu,17
1702,cash,1,Type_0,2,SKyt2yBGC,TMo5J6rJu,17
1702,sea,1,Type_0,2,SKyt2yBGC,TMo5J6rJu,17
1702,acre,1,Type_0,2,SKyt2yBGC,TMo5J6rJu,17
1712,case,1,Type_1,2,hUuHG8IPG,RfcvQNdXg,17
1712,lace,1,Type_1,2,hUuHG8IPG,RfcvQNdXg,17
1712,laces,1,Type_1,2,hUuHG8IPG,RfcvQNdXg,17
1712,scar,1,Type_1,2,hUuHG8IPG,RfcvQNdXg,17
1712,seal,1,Type_1,2,hUuHG8IPG,RfcvQNdXg,17
1712,heal,1,Type_1,2,hUuHG8IPG,RfcvQNdXg,17
1712,real,1,Type_1,2,hUuHG8IPG,RfcvQNdXg,17
1712,heals,1,Type_1,2,hUuHG8IPG,RfcvQNdXg,17
1712,leas,1,Type_1,2,hUuHG8IPG,RfcvQNdXg,17
1712,arse,1,Type_1,2,hUuHG8IPG,RfcvQNdXg,17
1712,as,1,Type_1,2,hUuHG8IPG,RfcvQNdXg,17
1712,acre,1,Type_1,2,hUuHG8IPG,RfcvQNdXg,17
1712,acres,1,Type_1,2,hUuHG8IPG,RfcvQNdXg,17
1712,as,1,Type_1,2,hUuHG8IPG,RfcvQNdXg,17
1712,has,1,Type_1,2,hUuHG8IPG,RfcvQNdXg,17
1712,are,1,Type_1,2,hUuHG8IPG,RfcvQNdXg,17
1712,er,1,Type_1,2,hUuHG8IPG,RfcvQNdXg,17
1712,her,1,Type_1,2,hUuHG8IPG,RfcvQNdXg,17
1712,hers,1,Type_1,2,hUuHG8IPG,RfcvQNdXg,17
1712,sea,1,Type_1,2,hUuHG8IPG,RfcvQNdXg,17
1712,car,1,Type_1,2,hUuHG8IPG,RfcvQNdXg,17
1712,cars,1,Type_1,2,hUuHG8IPG,RfcvQNdXg,17
1712,sheal,1,Type_1,2,hUuHG8IPG,RfcvQNdXg,17
1712,she,1,Type_1,2,hUuHG8IPG,RfcvQNdXg,17
1712,laser,1,Type_1,2,hUuHG8IPG,RfcvQNdXg,17
1712,race,1,Type_1,2,hUuHG8IPG,RfcvQNdXg,17
1712,races,1,Type_1,2,hUuHG8IPG,RfcvQNdXg,17
1712,sel,1,Type_1,2,hUuHG8IPG,RfcvQNdXg,17
1712,ras,1,Type_1,2,hUuHG8IPG,RfcvQNdXg,17
1712,shea,1,Type_1,2,hUuHG8IPG,RfcvQNdXg,17
1712,ear,1,Type_1,2,hUuHG8IPG,RfcvQNdXg,17
1712,ears,1,Type_1,2,hUuHG8IPG,RfcvQNdXg,17
1712,hear,1,Type_1,2,hUuHG8IPG,RfcvQNdXg,17
1712,hears,1,Type_1,2,hUuHG8IPG,RfcvQNdXg,17
1712,sac,1,Type_1,2,hUuHG8IPG,RfcvQNdXg,17
1712,reals,1,Type_1,2,hUuHG8IPG,RfcvQNdXg,17
1704,sea,1,Type_1,2,eU0gOUu0f,ZuC6duAFA,17
1704,car,1,Type_1,2,eU0gOUu0f,ZuC6duAFA,17
1704,laser,1,Type_1,2,eU0gOUu0f,ZuC6duAFA,17
1704,car,1,Type_1,2,eU0gOUu0f,ZuC6duAFA,17
1704,cars,1,Type_1,2,eU0gOUu0f,ZuC6duAFA,17
1704,sel,1,Type_1,2,eU0gOUu0f,ZuC6duAFA,17
1704,seal,1,Type_1,2,eU0gOUu0f,ZuC6duAFA,17
1704,rash,1,Type_1,2,eU0gOUu0f,ZuC6duAFA,17
1704,cash,1,Type_1,2,eU0gOUu0f,ZuC6duAFA,17
1704,case,1,Type_1,2,eU0gOUu0f,ZuC6duAFA,17
1704,ace,1,Type_1,2,eU0gOUu0f,ZuC6duAFA,17
1704,real,1,Type_1,2,eU0gOUu0f,ZuC6duAFA,17
1704,hear,1,Type_1,2,eU0gOUu0f,ZuC6duAFA,17
1704,search,1,Type_1,2,eU0gOUu0f,ZuC6duAFA,17
1704,race,1,Type_1,2,eU0gOUu0f,ZuC6duAFA,17
1704,races,1,Type_1,2,eU0gOUu0f,ZuC6duAFA,17
1704,crash,1,Type_1,2,eU0gOUu0f,ZuC6duAFA,17
1704,arch,1,Type_1,2,eU0gOUu0f,ZuC6duAFA,17
1704,arches,1,Type_1,2,eU0gOUu0f,ZuC6duAFA,17
1704,ear,1,Type_1,2,eU0gOUu0f,ZuC6duAFA,17
1704,ears,1,Type_1,2,eU0gOUu0f,ZuC6duAFA,17
1704,earl,1,Type_1,2,eU0gOUu0f,ZuC6duAFA,17
1704,earls,1,Type_1,2,eU0gOUu0f,ZuC6duAFA,17
1704,care,1,Type_1,2,eU0gOUu0f,ZuC6duAFA,17
1704,hare,1,Type_1,2,eU0gOUu0f,ZuC6duAFA,17
1704,hares,1,Type_1,2,eU0gOUu0f,ZuC6duAFA,17
1706,has,1,Type_0,2,M111a0ZQl,BgxfF433q,17
1706,seal,1,Type_0,2,M111a0ZQl,BgxfF433q,17
1706,sel,1,Type_0,2,M111a0ZQl,BgxfF433q,17
1706,sale,1,Type_0,2,M111a0ZQl,BgxfF433q,17
1706,laser,1,Type_0,2,M111a0ZQl,BgxfF433q,17
1706,carl,1,Type_0,2,M111a0ZQl,BgxfF433q,17
1706,search,1,Type_0,2,M111a0ZQl,BgxfF433q,17
1706,arse,1,Type_0,2,M111a0ZQl,BgxfF433q,17
1706,case,1,Type_0,2,M111a0ZQl,BgxfF433q,17
1706,lase,1,Type_0,2,M111a0ZQl,BgxfF433q,17
1706,race,1,Type_0,2,M111a0ZQl,BgxfF433q,17
1706,races,1,Type_0,2,M111a0ZQl,BgxfF433q,17
1706,hear,1,Type_0,2,M111a0ZQl,BgxfF433q,17
1706,hears,1,Type_0,2,M111a0ZQl,BgxfF433q,17
1706,sea,1,Type_0,2,M111a0ZQl,BgxfF433q,17
1706,clear,1,Type_0,2,M111a0ZQl,BgxfF433q,17
1706,clears,1,Type_0,2,M111a0ZQl,BgxfF433q,17
1706,hale,1,Type_0,2,M111a0ZQl,BgxfF433q,17
1706,scar,1,Type_0,2,M111a0ZQl,BgxfF433q,17
1706,scare,1,Type_0,2,M111a0ZQl,BgxfF433q,17
1706,es,1,Type_0,2,M111a0ZQl,BgxfF433q,17
1706,res,1,Type_0,2,M111a0ZQl,BgxfF433q,17
1706,chase,1,Type_0,2,M111a0ZQl,BgxfF433q,17
1706,car,1,Type_0,2,M111a0ZQl,BgxfF433q,17
1706,cars,1,Type_0,2,M111a0ZQl,BgxfF433q,17
1706,el,1,Type_0,2,M111a0ZQl,BgxfF433q,17
1706,heal,1,Type_0,2,M111a0ZQl,BgxfF433q,17
1706,heals,1,Type_0,2,M111a0ZQl,BgxfF433q,17
1706,ale,1,Type_0,2,M111a0ZQl,BgxfF433q,17
1706,ales,1,Type_0,2,M111a0ZQl,BgxfF433q,17
1706,rec,1,Type_0,2,M111a0ZQl,BgxfF433q,17
1706,recs,1,Type_0,2,M111a0ZQl,BgxfF433q,17
1706,search,1,Type_0,2,M111a0ZQl,BgxfF433q,17
1706,he,1,Type_0,2,M111a0ZQl,BgxfF433q,17
1706,her,1,Type_0,2,M111a0ZQl,BgxfF433q,17
1706,hers,1,Type_0,2,M111a0ZQl,BgxfF433q,17
1706,hare,1,Type_0,2,M111a0ZQl,BgxfF433q,17
1706,hares,1,Type_0,2,M111a0ZQl,BgxfF433q,17
1706,share,1,Type_0,2,M111a0ZQl,BgxfF433q,17
1706,she,1,Type_0,2,M111a0ZQl,BgxfF433q,17
1802,sea,1,Type_0,1,j9HWzdM4D,TG5a4vn3p,18
1802,heal,1,Type_0,1,j9HWzdM4D,TG5a4vn3p,18
1802,hale,1,Type_0,1,j9HWzdM4D,TG5a4vn3p,18
1802,has,1,Type_0,1,j9HWzdM4D,TG5a4vn3p,18
1802,car,1,Type_0,1,j9HWzdM4D,TG5a4vn3p,18
1802,care,1,Type_0,1,j9HWzdM4D,TG5a4vn3p,18
1802,cars,1,Type_0,1,j9HWzdM4D,TG5a4vn3p,18
1802,cares,1,Type_0,1,j9HWzdM4D,TG5a4vn3p,18
1802,her,1,Type_0,1,j9HWzdM4D,TG5a4vn3p,18
1802,real,1,Type_0,1,j9HWzdM4D,TG5a4vn3p,18
1802,she,1,Type_0,1,j9HWzdM4D,TG5a4vn3p,18
1802,he,1,Type_0,1,j9HWzdM4D,TG5a4vn3p,18
1802,seal,1,Type_0,1,j9HWzdM4D,TG5a4vn3p,18
1802,sale,1,Type_0,1,j9HWzdM4D,TG5a4vn3p,18
1802,arse,1,Type_0,1,j9HWzdM4D,TG5a4vn3p,18
1802,hers,1,Type_0,1,j9HWzdM4D,TG5a4vn3p,18
1802,laser,1,Type_0,1,j9HWzdM4D,TG5a4vn3p,18
1802,case,1,Type_0,1,j9HWzdM4D,TG5a4vn3p,18
1802,lace,1,Type_0,1,j9HWzdM4D,TG5a4vn3p,18
1802,laces,1,Type_0,1,j9HWzdM4D,TG5a4vn3p,18
1802,race,1,Type_0,1,j9HWzdM4D,TG5a4vn3p,18
1802,races,1,Type_0,1,j9HWzdM4D,TG5a4vn3p,18
1802,ace,1,Type_0,1,j9HWzdM4D,TG5a4vn3p,18
1802,aces,1,Type_0,1,j9HWzdM4D,TG5a4vn3p,18
1802,ear,1,Type_0,1,j9HWzdM4D,TG5a4vn3p,18
1802,ears,1,Type_0,1,j9HWzdM4D,TG5a4vn3p,18
1802,hear,1,Type_0,1,j9HWzdM4D,TG5a4vn3p,18
1802,rash,1,Type_0,1,j9HWzdM4D,TG5a4vn3p,18
1802,cash,1,Type_0,1,j9HWzdM4D,TG5a4vn3p,18
1810,car,1,Type_0,1,f66Hq0xgM,MOkjY9mef,18
1810,cars,1,Type_0,1,f66Hq0xgM,MOkjY9mef,18
1810,race,1,Type_0,1,f66Hq0xgM,MOkjY9mef,18
1810,ace,1,Type_0,1,f66Hq0xgM,MOkjY9mef,18
1810,races,1,Type_0,1,f66Hq0xgM,MOkjY9mef,18
1810,aces,1,Type_0,1,f66Hq0xgM,MOkjY9mef,18
1810,hes,1,Type_0,1,f66Hq0xgM,MOkjY9mef,18
1810,has,1,Type_0,1,f66Hq0xgM,MOkjY9mef,18
1810,she,1,Type_0,1,f66Hq0xgM,MOkjY9mef,18
1810,scar,1,Type_0,1,f66Hq0xgM,MOkjY9mef,18
1810,seal,1,Type_0,1,f66Hq0xgM,MOkjY9mef,18
1810,real,1,Type_0,1,f66Hq0xgM,MOkjY9mef,18
1810,heal,1,Type_0,1,f66Hq0xgM,MOkjY9mef,18
1810,heals,1,Type_0,1,f66Hq0xgM,MOkjY9mef,18
1810,scale,1,Type_0,1,f66Hq0xgM,MOkjY9mef,18
1810,arse,1,Type_0,1,f66Hq0xgM,MOkjY9mef,18
1810,hale,1,Type_0,1,f66Hq0xgM,MOkjY9mef,18
1810,sale,1,Type_0,1,f66Hq0xgM,MOkjY9mef,18
1810,hales,1,Type_0,1,f66Hq0xgM,MOkjY9mef,18
1810,case,1,Type_0,1,f66Hq0xgM,MOkjY9mef,18
1810,hear,1,Type_0,1,f66Hq0xgM,MOkjY9mef,18
1810,hears,1,Type_0,1,f66Hq0xgM,MOkjY9mef,18
1810,her,1,Type_0,1,f66Hq0xgM,MOkjY9mef,18
1810,leash,1,Type_0,1,f66Hq0xgM,MOkjY9mef,18
1810,cash,1,Type_0,1,f66Hq0xgM,MOkjY9mef,18
1810,care,1,Type_0,1,f66Hq0xgM,MOkjY9mef,18
1810,cares,1,Type_0,1,f66Hq0xgM,MOkjY9mef,18
1810,search,1,Type_0,1,f66Hq0xgM,MOkjY9mef,18
1810,arch,1,Type_0,1,f66Hq0xgM,MOkjY9mef,18
1810,each,1,Type_0,1,f66Hq0xgM,MOkjY9mef,18
1810,leach,1,Type_0,1,f66Hq0xgM,MOkjY9mef,18
1810,reach,1,Type_0,1,f66Hq0xgM,MOkjY9mef,18
1810,ache,1,Type_0,1,f66Hq0xgM,MOkjY9mef,18
1810,aches,1,Type_0,1,f66Hq0xgM,MOkjY9mef,18
1810,char,1,Type_0,1,f66Hq0xgM,MOkjY9mef,18
1810,las,1,Type_0,1,f66Hq0xgM,MOkjY9mef,18
1810,hare,1,Type_0,1,f66Hq0xgM,MOkjY9mef,18
1810,hares,1,Type_0,1,f66Hq0xgM,MOkjY9mef,18
1810,share,1,Type_0,1,f66Hq0xgM,MOkjY9mef,18
1803,search,1,Type_0,1,q4vh9tZuT,qCmb6XyBO,18
1803,reach,1,Type_0,1,q4vh9tZuT,qCmb6XyBO,18
1803,car,1,Type_0,1,q4vh9tZuT,qCmb6XyBO,18
1803,cars,1,Type_0,1,q4vh9tZuT,qCmb6XyBO,18
1803,seal,1,Type_0,1,q4vh9tZuT,qCmb6XyBO,18
1803,care,1,Type_0,1,q4vh9tZuT,qCmb6XyBO,18
1803,cares,1,Type_0,1,q4vh9tZuT,qCmb6XyBO,18
1803,leach,1,Type_0,1,q4vh9tZuT,qCmb6XyBO,18
1803,real,1,Type_0,1,q4vh9tZuT,qCmb6XyBO,18
1803,sea,1,Type_0,1,q4vh9tZuT,qCmb6XyBO,18
1803,she,1,Type_0,1,q4vh9tZuT,qCmb6XyBO,18
1803,her,1,Type_0,1,q4vh9tZuT,qCmb6XyBO,18
1803,he,1,Type_0,1,q4vh9tZuT,qCmb6XyBO,18
1803,hers,1,Type_0,1,q4vh9tZuT,qCmb6XyBO,18
1803,scare,1,Type_0,1,q4vh9tZuT,qCmb6XyBO,18
1803,scar,1,Type_0,1,q4vh9tZuT,qCmb6XyBO,18
1803,ear,1,Type_0,1,q4vh9tZuT,qCmb6XyBO,18
1803,ears,1,Type_0,1,q4vh9tZuT,qCmb6XyBO,18
1803,heal,1,Type_0,1,q4vh9tZuT,qCmb6XyBO,18
1803,heals,1,Type_0,1,q4vh9tZuT,qCmb6XyBO,18
1803,case,1,Type_0,1,q4vh9tZuT,qCmb6XyBO,18
1803,chase,1,Type_0,1,q4vh9tZuT,qCmb6XyBO,18
1803,race,1,Type_0,1,q4vh9tZuT,qCmb6XyBO,18
1803,races,1,Type_0,1,q4vh9tZuT,qCmb6XyBO,18
1803,lace,1,Type_0,1,q4vh9tZuT,qCmb6XyBO,18
1803,laces,1,Type_0,1,q4vh9tZuT,qCmb6XyBO,18
1803,laser,1,Type_0,1,q4vh9tZuT,qCmb6XyBO,18
1803,lear,1,Type_0,1,q4vh9tZuT,qCmb6XyBO,18
1803,sale,1,Type_0,1,q4vh9tZuT,qCmb6XyBO,18
1803,char,1,Type_0,1,q4vh9tZuT,qCmb6XyBO,18
1803,sear,1,Type_0,1,q4vh9tZuT,qCmb6XyBO,18
1803,ale,1,Type_0,1,q4vh9tZuT,qCmb6XyBO,18
1803,ales,1,Type_0,1,q4vh9tZuT,qCmb6XyBO,18
1803,ace,1,Type_0,1,q4vh9tZuT,qCmb6XyBO,18
1803,aces,1,Type_0,1,q4vh9tZuT,qCmb6XyBO,18
1803,are,1,Type_0,1,q4vh9tZuT,qCmb6XyBO,18
1803,era,1,Type_0,1,q4vh9tZuT,qCmb6XyBO,18
1803,each,1,Type_0,1,q4vh9tZuT,qCmb6XyBO,18
1808,chase,1,Type_1,1,9WK6OMS78,P7DasbZIa,18
1808,case,1,Type_1,1,9WK6OMS78,P7DasbZIa,18
1808,race,1,Type_1,1,9WK6OMS78,P7DasbZIa,18
1808,sea,1,Type_1,1,9WK6OMS78,P7DasbZIa,18
1808,search,1,Type_1,1,9WK6OMS78,P7DasbZIa,18
1808,reach,1,Type_1,1,9WK6OMS78,P7DasbZIa,18
1808,ace,1,Type_1,1,9WK6OMS78,P7DasbZIa,18
1808,seal,1,Type_1,1,9WK6OMS78,P7DasbZIa,18
1808,has,1,Type_1,1,9WK6OMS78,P7DasbZIa,18
1808,as,1,Type_1,1,9WK6OMS78,P7DasbZIa,18
1808,car,1,Type_1,1,9WK6OMS78,P7DasbZIa,18
1808,carl,1,Type_1,1,9WK6OMS78,P7DasbZIa,18
1808,ache,1,Type_1,1,9WK6OMS78,P7DasbZIa,18
1808,aches,1,Type_1,1,9WK6OMS78,P7DasbZIa,18
1808,races,1,Type_1,1,9WK6OMS78,P7DasbZIa,18
1808,char,1,Type_1,1,9WK6OMS78,P7DasbZIa,18
1808,real,1,Type_1,1,9WK6OMS78,P7DasbZIa,18
1808,heal,1,Type_1,1,9WK6OMS78,P7DasbZIa,18
1808,shea,1,Type_1,1,9WK6OMS78,P7DasbZIa,18
1808,hear,1,Type_1,1,9WK6OMS78,P7DasbZIa,18
1808,hears,1,Type_1,1,9WK6OMS78,P7DasbZIa,18
1801,search,1,Type_1,1,wF6mCCNjL,fzVxBiJAW,18
1801,ser,1,Type_1,1,wF6mCCNjL,fzVxBiJAW,18
1801,ah,1,Type_1,1,wF6mCCNjL,fzVxBiJAW,18
1801,reach,1,Type_1,1,wF6mCCNjL,fzVxBiJAW,18
1801,heal,1,Type_1,1,wF6mCCNjL,fzVxBiJAW,18
1801,seal,1,Type_1,1,wF6mCCNjL,fzVxBiJAW,18
1801,real,1,Type_1,1,wF6mCCNjL,fzVxBiJAW,18
1801,hear,1,Type_1,1,wF6mCCNjL,fzVxBiJAW,18
1801,ear,1,Type_1,1,wF6mCCNjL,fzVxBiJAW,18
1801,ears,1,Type_1,1,wF6mCCNjL,fzVxBiJAW,18
1801,hears,1,Type_1,1,wF6mCCNjL,fzVxBiJAW,18
1801,sear,1,Type_1,1,wF6mCCNjL,fzVxBiJAW,18
1801,race,1,Type_1,1,wF6mCCNjL,fzVxBiJAW,18
1801,races,1,Type_1,1,wF6mCCNjL,fzVxBiJAW,18
1801,ace,1,Type_1,1,wF6mCCNjL,fzVxBiJAW,18
1801,aces,1,Type_1,1,wF6mCCNjL,fzVxBiJAW,18
1801,ache,1,Type_1,1,wF6mCCNjL,fzVxBiJAW,18
1801,aches,1,Type_1,1,wF6mCCNjL,fzVxBiJAW,18
1801,case,1,Type_1,1,wF6mCCNjL,fzVxBiJAW,18
1801,leash,1,Type_1,1,wF6mCCNjL,fzVxBiJAW,18
1801,lash,1,Type_1,1,wF6mCCNjL,fzVxBiJAW,18
1801,lace,1,Type_1,1,wF6mCCNjL,fzVxBiJAW,18
1801,laces,1,Type_1,1,wF6mCCNjL,fzVxBiJAW,18
1801,as,1,Type_1,1,wF6mCCNjL,fzVxBiJAW,18
1801,he,1,Type_1,1,wF6mCCNjL,fzVxBiJAW,18
1801,she,1,Type_1,1,wF6mCCNjL,fzVxBiJAW,18
1801,sea,1,Type_1,1,wF6mCCNjL,fzVxBiJAW,18
1801,lea,1,Type_1,1,wF6mCCNjL,fzVxBiJAW,18
1801,carl,1,Type_1,1,wF6mCCNjL,fzVxBiJAW,18
1801,car,1,Type_1,1,wF6mCCNjL,fzVxBiJAW,18
1801,cars,1,Type_1,1,wF6mCCNjL,fzVxBiJAW,18
1801,cash,1,Type_1,1,wF6mCCNjL,fzVxBiJAW,18
1801,ash,1,Type_1,1,wF6mCCNjL,fzVxBiJAW,18
1801,rash,1,Type_1,1,wF6mCCNjL,fzVxBiJAW,18
1805,arse,1,Type_0,1,f78i5b8mR,ilfs9q7JB,18
1805,car,1,Type_0,1,f78i5b8mR,ilfs9q7JB,18
1805,cars,1,Type_0,1,f78i5b8mR,ilfs9q7JB,18
1805,clear,1,Type_0,1,f78i5b8mR,ilfs9q7JB,18
1805,clears,1,Type_0,1,f78i5b8mR,ilfs9q7JB,18
1805,hear,1,Type_0,1,f78i5b8mR,ilfs9q7JB,18
1805,hears,1,Type_0,1,f78i5b8mR,ilfs9q7JB,18
1805,crash,1,Type_0,1,f78i5b8mR,ilfs9q7JB,18
1805,clash,1,Type_0,1,f78i5b8mR,ilfs9q7JB,18
1805,sea,1,Type_0,1,f78i5b8mR,ilfs9q7JB,18
1805,heal,1,Type_0,1,f78i5b8mR,ilfs9q7JB,18
1805,heals,1,Type_0,1,f78i5b8mR,ilfs9q7JB,18
1805,seal,1,Type_0,1,f78i5b8mR,ilfs9q7JB,18
1805,real,1,Type_0,1,f78i5b8mR,ilfs9q7JB,18
1805,he,1,Type_0,1,f78i5b8mR,ilfs9q7JB,18
1805,she,1,Type_0,1,f78i5b8mR,ilfs9q7JB,18
1805,her,1,Type_0,1,f78i5b8mR,ilfs9q7JB,18
1805,hers,1,Type_0,1,f78i5b8mR,ilfs9q7JB,18
1805,cash,1,Type_0,1,f78i5b8mR,ilfs9q7JB,18
1805,lash,1,Type_0,1,f78i5b8mR,ilfs9q7JB,18
1805,rash,1,Type_0,1,f78i5b8mR,ilfs9q7JB,18
1805,case,1,Type_0,1,f78i5b8mR,ilfs9q7JB,18
1804,sea,1,Type_0,1,bLCUDUd68,jHzBZKMFu,18
1804,seal,1,Type_0,1,bLCUDUd68,jHzBZKMFu,18
1804,heal,1,Type_0,1,bLCUDUd68,jHzBZKMFu,18
1804,car,1,Type_0,1,bLCUDUd68,jHzBZKMFu,18
1804,cars,1,Type_0,1,bLCUDUd68,jHzBZKMFu,18
1804,care,1,Type_0,1,bLCUDUd68,jHzBZKMFu,18
1804,cares,1,Type_0,1,bLCUDUd68,jHzBZKMFu,18
1804,are,1,Type_0,1,bLCUDUd68,jHzBZKMFu,18
1804,hare,1,Type_0,1,bLCUDUd68,jHzBZKMFu,18
1804,hares,1,Type_0,1,bLCUDUd68,jHzBZKMFu,18
1804,arse,1,Type_0,1,bLCUDUd68,jHzBZKMFu,18
1804,case,1,Type_0,1,bLCUDUd68,jHzBZKMFu,18
1804,lase,1,Type_0,1,bLCUDUd68,jHzBZKMFu,18
1804,lace,1,Type_0,1,bLCUDUd68,jHzBZKMFu,18
1804,race,1,Type_0,1,bLCUDUd68,jHzBZKMFu,18
1804,races,1,Type_0,1,bLCUDUd68,jHzBZKMFu,18
1804,laces,1,Type_0,1,bLCUDUd68,jHzBZKMFu,18
1804,ace,1,Type_0,1,bLCUDUd68,jHzBZKMFu,18
1804,aces,1,Type_0,1,bLCUDUd68,jHzBZKMFu,18
1804,ale,1,Type_0,1,bLCUDUd68,jHzBZKMFu,18
1804,ales,1,Type_0,1,bLCUDUd68,jHzBZKMFu,18
1804,heals,1,Type_0,1,bLCUDUd68,jHzBZKMFu,18
1804,real,1,Type_0,1,bLCUDUd68,jHzBZKMFu,18
1804,hear,1,Type_0,1,bLCUDUd68,jHzBZKMFu,18
1804,ear,1,Type_0,1,bLCUDUd68,jHzBZKMFu,18
1804,ears,1,Type_0,1,bLCUDUd68,jHzBZKMFu,18
1804,her,1,Type_0,1,bLCUDUd68,jHzBZKMFu,18
1804,hers,1,Type_0,1,bLCUDUd68,jHzBZKMFu,18
1804,as,1,Type_0,1,bLCUDUd68,jHzBZKMFu,18
1804,scar,1,Type_0,1,bLCUDUd68,jHzBZKMFu,18
1804,lash,1,Type_0,1,bLCUDUd68,jHzBZKMFu,18
1804,rash,1,Type_0,1,bLCUDUd68,jHzBZKMFu,18
1804,cash,1,Type_0,1,bLCUDUd68,jHzBZKMFu,18
1804,sear,1,Type_0,1,bLCUDUd68,jHzBZKMFu,18
1804,leash,1,Type_0,1,bLCUDUd68,jHzBZKMFu,18
1804,clear,1,Type_0,1,bLCUDUd68,jHzBZKMFu,18
1807,sea,1,Type_1,1,P23HcAJhe,3QE2Q43DE,18
1807,hear,1,Type_1,1,P23HcAJhe,3QE2Q43DE,18
1807,search,1,Type_1,1,P23HcAJhe,3QE2Q43DE,18
1807,seal,1,Type_1,1,P23HcAJhe,3QE2Q43DE,18
1807,car,1,Type_1,1,P23HcAJhe,3QE2Q43DE,18
1807,cars,1,Type_1,1,P23HcAJhe,3QE2Q43DE,18
1807,scar,1,Type_1,1,P23HcAJhe,3QE2Q43DE,18
1807,cash,1,Type_1,1,P23HcAJhe,3QE2Q43DE,18
1807,has,1,Type_1,1,P23HcAJhe,3QE2Q43DE,18
1807,her,1,Type_1,1,P23HcAJhe,3QE2Q43DE,18
1807,as,1,Type_1,1,P23HcAJhe,3QE2Q43DE,18
1807,hers,1,Type_1,1,P23HcAJhe,3QE2Q43DE,18
1807,heal,1,Type_1,1,P23HcAJhe,3QE2Q43DE,18
1807,real,1,Type_1,1,P23HcAJhe,3QE2Q43DE,18
1807,heals,1,Type_1,1,P23HcAJhe,3QE2Q43DE,18
1807,ear,1,Type_1,1,P23HcAJhe,3QE2Q43DE,18
1807,ears,1,Type_1,1,P23HcAJhe,3QE2Q43DE,18
1807,arse,1,Type_1,1,P23HcAJhe,3QE2Q43DE,18
1807,rash,1,Type_1,1,P23HcAJhe,3QE2Q43DE,18
1807,lash,1,Type_1,1,P23HcAJhe,3QE2Q43DE,18
1807,leash,1,Type_1,1,P23HcAJhe,3QE2Q43DE,18
1807,laser,1,Type_1,1,P23HcAJhe,3QE2Q43DE,18
1803,search,1,Type_1,1,7crs1fOkT,qq94SZKTE,18
1803,car,1,Type_1,1,7crs1fOkT,qq94SZKTE,18
1803,cars,1,Type_1,1,7crs1fOkT,qq94SZKTE,18
1803,sea,1,Type_1,1,7crs1fOkT,qq94SZKTE,18
1803,sec,1,Type_1,1,7crs1fOkT,qq94SZKTE,18
1803,heal,1,Type_1,1,7crs1fOkT,qq94SZKTE,18
1803,seal,1,Type_1,1,7crs1fOkT,qq94SZKTE,18
1803,cash,1,Type_1,1,7crs1fOkT,qq94SZKTE,18
1803,arse,1,Type_1,1,7crs1fOkT,qq94SZKTE,18
1803,es,1,Type_1,1,7crs1fOkT,qq94SZKTE,18
1803,ash,1,Type_1,1,7crs1fOkT,qq94SZKTE,18
1803,race,1,Type_1,1,7crs1fOkT,qq94SZKTE,18
1803,races,1,Type_1,1,7crs1fOkT,qq94SZKTE,18
1803,case,1,Type_1,1,7crs1fOkT,qq94SZKTE,18
1803,leash,1,Type_1,1,7crs1fOkT,qq94SZKTE,18
1803,lash,1,Type_1,1,7crs1fOkT,qq94SZKTE,18
1803,reach,1,Type_1,1,7crs1fOkT,qq94SZKTE,18
1803,laser,1,Type_1,1,7crs1fOkT,qq94SZKTE,18
1803,ear,1,Type_1,1,7crs1fOkT,qq94SZKTE,18
1803,ears,1,Type_1,1,7crs1fOkT,qq94SZKTE,18
1803,ale,1,Type_1,1,7crs1fOkT,qq94SZKTE,18
1803,ace,1,Type_1,1,7crs1fOkT,qq94SZKTE,18
1803,has,1,Type_1,1,7crs1fOkT,qq94SZKTE,18
1803,hear,1,Type_1,1,7crs1fOkT,qq94SZKTE,18
1803,her,1,Type_1,1,7crs1fOkT,qq94SZKTE,18
1803,hers,1,Type_1,1,7crs1fOkT,qq94SZKTE,18
1809,leash,1,Type_0,1,Nfy3haUtj,47EmgDqS8,18
1809,car,1,Type_0,1,Nfy3haUtj,47EmgDqS8,18
1809,rash,1,Type_0,1,Nfy3haUtj,47EmgDqS8,18
1809,race,1,Type_0,1,Nfy3haUtj,47EmgDqS8,18
1809,seal,1,Type_0,1,Nfy3haUtj,47EmgDqS8,18
1809,sea,1,Type_0,1,Nfy3haUtj,47EmgDqS8,18
1809,has,1,Type_0,1,Nfy3haUtj,47EmgDqS8,18
1809,heal,1,Type_0,1,Nfy3haUtj,47EmgDqS8,18
1809,real,1,Type_0,1,Nfy3haUtj,47EmgDqS8,18
1809,case,1,Type_0,1,Nfy3haUtj,47EmgDqS8,18
1809,lash,1,Type_0,1,Nfy3haUtj,47EmgDqS8,18
1809,her,1,Type_0,1,Nfy3haUtj,47EmgDqS8,18
1809,he,1,Type_0,1,Nfy3haUtj,47EmgDqS8,18
1809,she,1,Type_0,1,Nfy3haUtj,47EmgDqS8,18
1809,hers,1,Type_0,1,Nfy3haUtj,47EmgDqS8,18
1809,cars,1,Type_0,1,Nfy3haUtj,47EmgDqS8,18
1809,ear,1,Type_0,1,Nfy3haUtj,47EmgDqS8,18
1809,ears,1,Type_0,1,Nfy3haUtj,47EmgDqS8,18
1809,ash,1,Type_0,1,Nfy3haUtj,47EmgDqS8,18
1809,ace,1,Type_0,1,Nfy3haUtj,47EmgDqS8,18
1809,aces,1,Type_0,1,Nfy3haUtj,47EmgDqS8,18
1809,arch,1,Type_0,1,Nfy3haUtj,47EmgDqS8,18
1809,arches,1,Type_0,1,Nfy3haUtj,47EmgDqS8,18
1806,case,1,Type_0,1,rtZaL7UUb,j5BFFbQzo,18
1806,lash,1,Type_0,1,rtZaL7UUb,j5BFFbQzo,18
1806,race,1,Type_0,1,rtZaL7UUb,j5BFFbQzo,18
1806,seal,1,Type_0,1,rtZaL7UUb,j5BFFbQzo,18
1806,car,1,Type_0,1,rtZaL7UUb,j5BFFbQzo,18
1806,heal,1,Type_0,1,rtZaL7UUb,j5BFFbQzo,18
1806,cars,1,Type_0,1,rtZaL7UUb,j5BFFbQzo,18
1806,hear,1,Type_0,1,rtZaL7UUb,j5BFFbQzo,18
1806,ear,1,Type_0,1,rtZaL7UUb,j5BFFbQzo,18
1806,ears,1,Type_0,1,rtZaL7UUb,j5BFFbQzo,18
1806,crash,1,Type_0,1,rtZaL7UUb,j5BFFbQzo,18
1806,scar,1,Type_0,1,rtZaL7UUb,j5BFFbQzo,18
1806,search,1,Type_0,1,rtZaL7UUb,j5BFFbQzo,18
1806,lase,1,Type_0,1,rtZaL7UUb,j5BFFbQzo,18
1806,laser,1,Type_0,1,rtZaL7UUb,j5BFFbQzo,18
1806,has,1,Type_0,1,rtZaL7UUb,j5BFFbQzo,18
1806,as,1,Type_0,1,rtZaL7UUb,j5BFFbQzo,18
1806,care,1,Type_0,1,rtZaL7UUb,j5BFFbQzo,18
1806,reach,1,Type_0,1,rtZaL7UUb,j5BFFbQzo,18
1806,each,1,Type_0,1,rtZaL7UUb,j5BFFbQzo,18
1806,cash,1,Type_0,1,rtZaL7UUb,j5BFFbQzo,18
1806,shea,1,Type_0,1,rtZaL7UUb,j5BFFbQzo,18
1806,heals,1,Type_0,1,rtZaL7UUb,j5BFFbQzo,18
1806,sea,1,Type_0,1,rtZaL7UUb,j5BFFbQzo,18
1806,sale,1,Type_0,1,rtZaL7UUb,j5BFFbQzo,18
1806,she,1,Type_0,1,rtZaL7UUb,j5BFFbQzo,18
1806,he,1,Type_0,1,rtZaL7UUb,j5BFFbQzo,18
1806,ale,1,Type_0,1,rtZaL7UUb,j5BFFbQzo,18
1804,search,1,Type_0,1,FTqlf4xKs,FveWVbs8s,18
1804,hear,1,Type_0,1,FTqlf4xKs,FveWVbs8s,18
1804,car,1,Type_0,1,FTqlf4xKs,FveWVbs8s,18
1804,cars,1,Type_0,1,FTqlf4xKs,FveWVbs8s,18
1804,hears,1,Type_0,1,FTqlf4xKs,FveWVbs8s,18
1804,case,1,Type_0,1,FTqlf4xKs,FveWVbs8s,18
1804,heal,1,Type_0,1,FTqlf4xKs,FveWVbs8s,18
1804,heals,1,Type_0,1,FTqlf4xKs,FveWVbs8s,18
1804,char,1,Type_0,1,FTqlf4xKs,FveWVbs8s,18
1804,chars,1,Type_0,1,FTqlf4xKs,FveWVbs8s,18
1804,ale,1,Type_0,1,FTqlf4xKs,FveWVbs8s,18
1804,ales,1,Type_0,1,FTqlf4xKs,FveWVbs8s,18
1804,clear,1,Type_0,1,FTqlf4xKs,FveWVbs8s,18
1804,ace,1,Type_0,1,FTqlf4xKs,FveWVbs8s,18
1804,clears,1,Type_0,1,FTqlf4xKs,FveWVbs8s,18
1804,aces,1,Type_0,1,FTqlf4xKs,FveWVbs8s,18
1804,lace,1,Type_0,1,FTqlf4xKs,FveWVbs8s,18
1804,laces,1,Type_0,1,FTqlf4xKs,FveWVbs8s,18
1804,chase,1,Type_0,1,FTqlf4xKs,FveWVbs8s,18
1804,scar,1,Type_0,1,FTqlf4xKs,FveWVbs8s,18
1804,race,1,Type_0,1,FTqlf4xKs,FveWVbs8s,18
1804,reach,1,Type_0,1,FTqlf4xKs,FveWVbs8s,18
1804,care,1,Type_0,1,FTqlf4xKs,FveWVbs8s,18
1804,acre,1,Type_0,1,FTqlf4xKs,FveWVbs8s,18
1804,acres,1,Type_0,1,FTqlf4xKs,FveWVbs8s,18
1804,races,1,Type_0,1,FTqlf4xKs,FveWVbs8s,18
1804,leash,1,Type_0,1,FTqlf4xKs,FveWVbs8s,18
1804,era,1,Type_0,1,FTqlf4xKs,FveWVbs8s,18
1804,eras,1,Type_0,1,FTqlf4xKs,FveWVbs8s,18
1804,arch,1,Type_0,1,FTqlf4xKs,FveWVbs8s,18
1804,arches,1,Type_0,1,FTqlf4xKs,FveWVbs8s,18
1804,cash,1,Type_0,1,FTqlf4xKs,FveWVbs8s,18
1804,lash,1,Type_0,1,FTqlf4xKs,FveWVbs8s,18
1804,rash,1,Type_0,1,FTqlf4xKs,FveWVbs8s,18
1804,her,1,Type_0,1,FTqlf4xKs,FveWVbs8s,18
1804,hes,1,Type_0,1,FTqlf4xKs,FveWVbs8s,18
1804,hers,1,Type_0,1,FTqlf4xKs,FveWVbs8s,18
1812,search,1,Type_1,1,SsHExLSWt,NSGGXKesq,18
1812,sear,1,Type_1,1,SsHExLSWt,NSGGXKesq,18
1812,ear,1,Type_1,1,SsHExLSWt,NSGGXKesq,18
1812,sea,1,Type_1,1,SsHExLSWt,NSGGXKesq,18
1812,are,1,Type_1,1,SsHExLSWt,NSGGXKesq,18
1812,ears,1,Type_1,1,SsHExLSWt,NSGGXKesq,18
1812,crash,1,Type_1,1,SsHExLSWt,NSGGXKesq,18
1812,rash,1,Type_1,1,SsHExLSWt,NSGGXKesq,18
1812,ash,1,Type_1,1,SsHExLSWt,NSGGXKesq,18
1812,case,1,Type_1,1,SsHExLSWt,NSGGXKesq,18
1812,ace,1,Type_1,1,SsHExLSWt,NSGGXKesq,18
1812,aces,1,Type_1,1,SsHExLSWt,NSGGXKesq,18
1812,lace,1,Type_1,1,SsHExLSWt,NSGGXKesq,18
1812,laces,1,Type_1,1,SsHExLSWt,NSGGXKesq,18
1812,reach,1,Type_1,1,SsHExLSWt,NSGGXKesq,18
1812,each,1,Type_1,1,SsHExLSWt,NSGGXKesq,18
1812,chase,1,Type_1,1,SsHExLSWt,NSGGXKesq,18
1812,race,1,Type_1,1,SsHExLSWt,NSGGXKesq,18
1812,races,1,Type_1,1,SsHExLSWt,NSGGXKesq,18
1812,laser,1,Type_1,1,SsHExLSWt,NSGGXKesq,18
1812,car,1,Type_1,1,SsHExLSWt,NSGGXKesq,18
1812,cars,1,Type_1,1,SsHExLSWt,NSGGXKesq,18
1812,hear,1,Type_1,1,SsHExLSWt,NSGGXKesq,18
1812,hears,1,Type_1,1,SsHExLSWt,NSGGXKesq,18
1812,scar,1,Type_1,1,SsHExLSWt,NSGGXKesq,18
1812,has,1,Type_1,1,SsHExLSWt,NSGGXKesq,18
1812,as,1,Type_1,1,SsHExLSWt,NSGGXKesq,18
1812,scale,1,Type_1,1,SsHExLSWt,NSGGXKesq,18
1812,scare,1,Type_1,1,SsHExLSWt,NSGGXKesq,18
1812,care,1,Type_1,1,SsHExLSWt,NSGGXKesq,18
1812,acre,1,Type_1,1,SsHExLSWt,NSGGXKesq,18
1812,acres,1,Type_1,1,SsHExLSWt,NSGGXKesq,18
1812,clear,1,Type_1,1,SsHExLSWt,NSGGXKesq,18
1812,clears,1,Type_1,1,SsHExLSWt,NSGGXKesq,18
1812,shea,1,Type_1,1,SsHExLSWt,NSGGXKesq,18
1812,heal,1,Type_1,1,SsHExLSWt,NSGGXKesq,18
1812,heals,1,Type_1,1,SsHExLSWt,NSGGXKesq,18
1812,real,1,Type_1,1,SsHExLSWt,NSGGXKesq,18
1812,seal,1,Type_1,1,SsHExLSWt,NSGGXKesq,18
1812,sale,1,Type_1,1,SsHExLSWt,NSGGXKesq,18
1812,les,1,Type_1,1,SsHExLSWt,NSGGXKesq,18
1812,her,1,Type_1,1,SsHExLSWt,NSGGXKesq,18
1812,hers,1,Type_1,1,SsHExLSWt,NSGGXKesq,18
1812,ale,1,Type_1,1,SsHExLSWt,NSGGXKesq,18
1812,ales,1,Type_1,1,SsHExLSWt,NSGGXKesq,18
1812,char,1,Type_1,1,SsHExLSWt,NSGGXKesq,18
1805,car,1,Type_1,1,ga0V8wnaV,Aqo4WVubQ,18
1805,laser,1,Type_1,1,ga0V8wnaV,Aqo4WVubQ,18
1805,lase,1,Type_1,1,ga0V8wnaV,Aqo4WVubQ,18
1805,lace,1,Type_1,1,ga0V8wnaV,Aqo4WVubQ,18
1805,race,1,Type_1,1,ga0V8wnaV,Aqo4WVubQ,18
1805,rale,1,Type_1,1,ga0V8wnaV,Aqo4WVubQ,18
1805,rash,1,Type_1,1,ga0V8wnaV,Aqo4WVubQ,18
1805,seal,1,Type_1,1,ga0V8wnaV,Aqo4WVubQ,18
1805,sea,1,Type_1,1,ga0V8wnaV,Aqo4WVubQ,18
1805,cash,1,Type_1,1,ga0V8wnaV,Aqo4WVubQ,18
1805,case,1,Type_1,1,ga0V8wnaV,Aqo4WVubQ,18
1805,sale,1,Type_1,1,ga0V8wnaV,Aqo4WVubQ,18
1805,es,1,Type_1,1,ga0V8wnaV,Aqo4WVubQ,18
1805,el,1,Type_1,1,ga0V8wnaV,Aqo4WVubQ,18
1805,ace,1,Type_1,1,ga0V8wnaV,Aqo4WVubQ,18
1805,ache,1,Type_1,1,ga0V8wnaV,Aqo4WVubQ,18
1805,ash,1,Type_1,1,ga0V8wnaV,Aqo4WVubQ,18
1805,arse,1,Type_1,1,ga0V8wnaV,Aqo4WVubQ,18
1805,are,1,Type_1,1,ga0V8wnaV,Aqo4WVubQ,18
1805,has,1,Type_1,1,ga0V8wnaV,Aqo4WVubQ,18
1811,car,1,Type_1,1,nkNusBjLy,1EPk0kgrZ,18
1811,cars,1,Type_1,1,nkNusBjLy,1EPk0kgrZ,18
1811,are,1,Type_1,1,nkNusBjLy,1EPk0kgrZ,18
1811,hare,1,Type_1,1,nkNusBjLy,1EPk0kgrZ,18
1811,hares,1,Type_1,1,nkNusBjLy,1EPk0kgrZ,18
1811,real,1,Type_1,1,nkNusBjLy,1EPk0kgrZ,18
1811,heal,1,Type_1,1,nkNusBjLy,1EPk0kgrZ,18
1811,seal,1,Type_1,1,nkNusBjLy,1EPk0kgrZ,18
1811,leas,1,Type_1,1,nkNusBjLy,1EPk0kgrZ,18
1811,case,1,Type_1,1,nkNusBjLy,1EPk0kgrZ,18
1811,lace,1,Type_1,1,nkNusBjLy,1EPk0kgrZ,18
1811,race,1,Type_1,1,nkNusBjLy,1EPk0kgrZ,18
1811,races,1,Type_1,1,nkNusBjLy,1EPk0kgrZ,18
1811,care,1,Type_1,1,nkNusBjLy,1EPk0kgrZ,18
1811,cares,1,Type_1,1,nkNusBjLy,1EPk0kgrZ,18
1811,era,1,Type_1,1,nkNusBjLy,1EPk0kgrZ,18
1811,eras,1,Type_1,1,nkNusBjLy,1EPk0kgrZ,18
1811,carl,1,Type_1,1,nkNusBjLy,1EPk0kgrZ,18
1811,hear,1,Type_1,1,nkNusBjLy,1EPk0kgrZ,18
1811,hears,1,Type_1,1,nkNusBjLy,1EPk0kgrZ,18
1811,rash,1,Type_1,1,nkNusBjLy,1EPk0kgrZ,18
1811,cash,1,Type_1,1,nkNusBjLy,1EPk0kgrZ,18
1811,ash,1,Type_1,1,nkNusBjLy,1EPk0kgrZ,18
1811,ace,1,Type_1,1,nkNusBjLy,1EPk0kgrZ,18
1811,aces,1,Type_1,1,nkNusBjLy,1EPk0kgrZ,18
1811,search,1,Type_1,1,nkNusBjLy,1EPk0kgrZ,18
2101,car,1,Type_1,1,N9XlemTL5,r9DwHOJ4v,21
2101,cars,1,Type_1,1,N9XlemTL5,r9DwHOJ4v,21
2101,heal,1,Type_1,1,N9XlemTL5,r9DwHOJ4v,21
2101,seal,1,Type_1,1,N9XlemTL5,r9DwHOJ4v,21
2101,ears,1,Type_1,1,N9XlemTL5,r9DwHOJ4v,21
2101,hear,1,Type_1,1,N9XlemTL5,r9DwHOJ4v,21
2101,she,1,Type_1,1,N9XlemTL5,r9DwHOJ4v,21
2101,he,1,Type_1,1,N9XlemTL5,r9DwHOJ4v,21
2101,care,1,Type_1,1,N9XlemTL5,r9DwHOJ4v,21
2101,hare,1,Type_1,1,N9XlemTL5,r9DwHOJ4v,21
2101,has,1,Type_1,1,N9XlemTL5,r9DwHOJ4v,21
2101,hears,1,Type_1,1,N9XlemTL5,r9DwHOJ4v,21
2101,arse,1,Type_1,1,N9XlemTL5,r9DwHOJ4v,21
2101,ace,1,Type_1,1,N9XlemTL5,r9DwHOJ4v,21
2101,are,1,Type_1,1,N9XlemTL5,r9DwHOJ4v,21
2101,ale,1,Type_1,1,N9XlemTL5,r9DwHOJ4v,21
2101,sale,1,Type_1,1,N9XlemTL5,r9DwHOJ4v,21
2101,race,1,Type_1,1,N9XlemTL5,r9DwHOJ4v,21
2101,case,1,Type_1,1,N9XlemTL5,r9DwHOJ4v,21
2101,chase,1,Type_1,1,N9XlemTL5,r9DwHOJ4v,21
2101,sear,1,Type_1,1,N9XlemTL5,r9DwHOJ4v,21
2101,leach,1,Type_1,1,N9XlemTL5,r9DwHOJ4v,21
2101,reach,1,Type_1,1,N9XlemTL5,r9DwHOJ4v,21
2101,share,1,Type_1,1,N9XlemTL5,r9DwHOJ4v,21
2101,search,1,Type_1,1,N9XlemTL5,r9DwHOJ4v,21
2101,sea,1,Type_1,1,N9XlemTL5,r9DwHOJ4v,21
2101,cares,1,Type_1,1,N9XlemTL5,r9DwHOJ4v,21
2102,race,1,Type_1,1,Dz2nlaqRJ,oIYjcWjzv,21
2102,races,1,Type_1,1,Dz2nlaqRJ,oIYjcWjzv,21
2102,car,1,Type_1,1,Dz2nlaqRJ,oIYjcWjzv,21
2102,cars,1,Type_1,1,Dz2nlaqRJ,oIYjcWjzv,21
2102,seal,1,Type_1,1,Dz2nlaqRJ,oIYjcWjzv,21
2102,sae,1,Type_1,1,Dz2nlaqRJ,oIYjcWjzv,21
2102,sea,1,Type_1,1,Dz2nlaqRJ,oIYjcWjzv,21
2102,sear,1,Type_1,1,Dz2nlaqRJ,oIYjcWjzv,21
2102,search,1,Type_1,1,Dz2nlaqRJ,oIYjcWjzv,21
2102,leash,1,Type_1,1,Dz2nlaqRJ,oIYjcWjzv,21
2102,hear,1,Type_1,1,Dz2nlaqRJ,oIYjcWjzv,21
2102,ear,1,Type_1,1,Dz2nlaqRJ,oIYjcWjzv,21
2102,rash,1,Type_1,1,Dz2nlaqRJ,oIYjcWjzv,21
2102,reach,1,Type_1,1,Dz2nlaqRJ,oIYjcWjzv,21
2102,sec,1,Type_1,1,Dz2nlaqRJ,oIYjcWjzv,21
2102,ale,1,Type_1,1,Dz2nlaqRJ,oIYjcWjzv,21
2102,sale,1,Type_1,1,Dz2nlaqRJ,oIYjcWjzv,21
2102,arse,1,Type_1,1,Dz2nlaqRJ,oIYjcWjzv,21
2102,her,1,Type_1,1,Dz2nlaqRJ,oIYjcWjzv,21
2102,cash,1,Type_1,1,Dz2nlaqRJ,oIYjcWjzv,21
2102,hers,1,Type_1,1,Dz2nlaqRJ,oIYjcWjzv,21
2102,lash,1,Type_1,1,Dz2nlaqRJ,oIYjcWjzv,21
2102,clear,1,Type_1,1,Dz2nlaqRJ,oIYjcWjzv,21
2102,he,1,Type_1,1,Dz2nlaqRJ,oIYjcWjzv,21
2102,has,1,Type_1,1,Dz2nlaqRJ,oIYjcWjzv,21
2102,she,1,Type_1,1,Dz2nlaqRJ,oIYjcWjzv,21
2102,case,1,Type_1,1,Dz2nlaqRJ,oIYjcWjzv,21
2102,chase,1,Type_1,1,Dz2nlaqRJ,oIYjcWjzv,21
2102,chaser,1,Type_1,1,Dz2nlaqRJ,oIYjcWjzv,21
2102,laser,1,Type_1,1,Dz2nlaqRJ,oIYjcWjzv,21
2102,real,1,Type_1,1,Dz2nlaqRJ,oIYjcWjzv,21
2102,ache,1,Type_1,1,Dz2nlaqRJ,oIYjcWjzv,21
2102,heal,1,Type_1,1,Dz2nlaqRJ,oIYjcWjzv,21
2102,each,1,Type_1,1,Dz2nlaqRJ,oIYjcWjzv,21
2102,arc,1,Type_1,1,Dz2nlaqRJ,oIYjcWjzv,21
2102,arcs,1,Type_1,1,Dz2nlaqRJ,oIYjcWjzv,21
2102,char,1,Type_1,1,Dz2nlaqRJ,oIYjcWjzv,21
2102,ash,1,Type_1,1,Dz2nlaqRJ,oIYjcWjzv,21
2103,arse,1,Type_1,1,xVDLHgzUw,iEXKcHLGT,21
2103,case,1,Type_1,1,xVDLHgzUw,iEXKcHLGT,21
2103,chase,1,Type_1,1,xVDLHgzUw,iEXKcHLGT,21
2103,real,1,Type_1,1,xVDLHgzUw,iEXKcHLGT,21
2103,seal,1,Type_1,1,xVDLHgzUw,iEXKcHLGT,21
2103,sale,1,Type_1,1,xVDLHgzUw,iEXKcHLGT,21
2103,her,1,Type_1,1,xVDLHgzUw,iEXKcHLGT,21
2103,hers,1,Type_1,1,xVDLHgzUw,iEXKcHLGT,21
2103,sea,1,Type_1,1,xVDLHgzUw,iEXKcHLGT,21
2103,car,1,Type_1,1,xVDLHgzUw,iEXKcHLGT,21
2103,cars,1,Type_1,1,xVDLHgzUw,iEXKcHLGT,21
2103,care,1,Type_1,1,xVDLHgzUw,iEXKcHLGT,21
2103,lace,1,Type_1,1,xVDLHgzUw,iEXKcHLGT,21
2103,ale,1,Type_1,1,xVDLHgzUw,iEXKcHLGT,21
2103,ales,1,Type_1,1,xVDLHgzUw,iEXKcHLGT,21
2103,rec,1,Type_1,1,xVDLHgzUw,iEXKcHLGT,21
2104,sea,1,Type_1,1,YBL5kiDq9,2Y0el4yVq,21
2104,car,1,Type_1,1,YBL5kiDq9,2Y0el4yVq,21
2104,cars,1,Type_1,1,YBL5kiDq9,2Y0el4yVq,21
2104,real,1,Type_1,1,YBL5kiDq9,2Y0el4yVq,21
2104,heal,1,Type_1,1,YBL5kiDq9,2Y0el4yVq,21
2104,seal,1,Type_1,1,YBL5kiDq9,2Y0el4yVq,21
2104,ear,1,Type_1,1,YBL5kiDq9,2Y0el4yVq,21
2104,ears,1,Type_1,1,YBL5kiDq9,2Y0el4yVq,21
2104,hear,1,Type_1,1,YBL5kiDq9,2Y0el4yVq,21
2104,sale,1,Type_1,1,YBL5kiDq9,2Y0el4yVq,21
2104,sec,1,Type_1,1,YBL5kiDq9,2Y0el4yVq,21
2104,case,1,Type_1,1,YBL5kiDq9,2Y0el4yVq,21
2104,ace,1,Type_1,1,YBL5kiDq9,2Y0el4yVq,21
2104,aces,1,Type_1,1,YBL5kiDq9,2Y0el4yVq,21
2104,ale,1,Type_1,1,YBL5kiDq9,2Y0el4yVq,21
2104,are,1,Type_1,1,YBL5kiDq9,2Y0el4yVq,21
2104,care,1,Type_1,1,YBL5kiDq9,2Y0el4yVq,21
2104,cares,1,Type_1,1,YBL5kiDq9,2Y0el4yVq,21
2104,ache,1,Type_1,1,YBL5kiDq9,2Y0el4yVq,21
2104,lace,1,Type_1,1,YBL5kiDq9,2Y0el4yVq,21
2104,laces,1,Type_1,1,YBL5kiDq9,2Y0el4yVq,21
2105,search,1,Type_1,1,K56cni2Qy,0Zft13QsF,21
2105,seal,1,Type_1,1,K56cni2Qy,0Zft13QsF,21
2105,laser,1,Type_1,1,K56cni2Qy,0Zft13QsF,21
2105,ace,1,Type_1,1,K56cni2Qy,0Zft13QsF,21
2105,aces,1,Type_1,1,K56cni2Qy,0Zft13QsF,21
2105,lace,1,Type_1,1,K56cni2Qy,0Zft13QsF,21
2105,laces,1,Type_1,1,K56cni2Qy,0Zft13QsF,21
2105,hare,1,Type_1,1,K56cni2Qy,0Zft13QsF,21
2105,real,1,Type_1,1,K56cni2Qy,0Zft13QsF,21
2105,reals,1,Type_1,1,K56cni2Qy,0Zft13QsF,21
2105,case,1,Type_1,1,K56cni2Qy,0Zft13QsF,21
2105,car,1,Type_1,1,K56cni2Qy,0Zft13QsF,21
2105,cars,1,Type_1,1,K56cni2Qy,0Zft13QsF,21
2105,hear,1,Type_1,1,K56cni2Qy,0Zft13QsF,21
2105,has,1,Type_1,1,K56cni2Qy,0Zft13QsF,21
2105,race,1,Type_1,1,K56cni2Qy,0Zft13QsF,21
2105,races,1,Type_1,1,K56cni2Qy,0Zft13QsF,21
2105,clear,1,Type_1,1,K56cni2Qy,0Zft13QsF,21
2105,sea,1,Type_1,1,K56cni2Qy,0Zft13QsF,21
2105,ear,1,Type_1,1,K56cni2Qy,0Zft13QsF,21
2105,ears,1,Type_1,1,K56cni2Qy,0Zft13QsF,21
2105,earl,1,Type_1,1,K56cni2Qy,0Zft13QsF,21
2105,earls,1,Type_1,1,K56cni2Qy,0Zft13QsF,21
2105,care,1,Type_1,1,K56cni2Qy,0Zft13QsF,21
2105,cares,1,Type_1,1,K56cni2Qy,0Zft13QsF,21
2105,scare,1,Type_1,1,K56cni2Qy,0Zft13QsF,21
2105,scar,1,Type_1,1,K56cni2Qy,0Zft13QsF,21
2105,hares,1,Type_1,1,K56cni2Qy,0Zft13QsF,21
2105,are,1,Type_1,1,K56cni2Qy,0Zft13QsF,21
2105,ale,1,Type_1,1,K56cni2Qy,0Zft13QsF,21
2105,ales,1,Type_1,1,K56cni2Qy,0Zft13QsF,21
2105,heal,1,Type_1,1,K56cni2Qy,0Zft13QsF,21
2105,heals,1,Type_1,1,K56cni2Qy,0Zft13QsF,21
2105,sale,1,Type_1,1,K56cni2Qy,0Zft13QsF,21
2105,scale,1,Type_1,1,K56cni2Qy,0Zft13QsF,21
2105,sac,1,Type_1,1,K56cni2Qy,0Zft13QsF,21
2105,arse,1,Type_1,1,K56cni2Qy,0Zft13QsF,21
2105,hers,1,Type_1,1,K56cni2Qy,0Zft13QsF,21
2105,her,1,Type_1,1,K56cni2Qy,0Zft13QsF,21
2105,he,1,Type_1,1,K56cni2Qy,0Zft13QsF,21
2105,she,1,Type_1,1,K56cni2Qy,0Zft13QsF,21
2105,eh,1,Type_1,1,K56cni2Qy,0Zft13QsF,21
2105,carl,1,Type_1,1,K56cni2Qy,0Zft13QsF,21
2105,carls,1,Type_1,1,K56cni2Qy,0Zft13QsF,21
2105,lear,1,Type_1,1,K56cni2Qy,0Zft13QsF,21
2105,lea,1,Type_1,1,K56cni2Qy,0Zft13QsF,21
2106,arse,1,Type_1,1,SCekAduEx,H31e76Sl4,21
2106,has,1,Type_1,1,SCekAduEx,H31e76Sl4,21
2106,car,1,Type_1,1,SCekAduEx,H31e76Sl4,21
2106,res,1,Type_1,1,SCekAduEx,H31e76Sl4,21
2106,her,1,Type_1,1,SCekAduEx,H31e76Sl4,21
2106,ser,1,Type_1,1,SCekAduEx,H31e76Sl4,21
2106,race,1,Type_1,1,SCekAduEx,H31e76Sl4,21
2106,races,1,Type_1,1,SCekAduEx,H31e76Sl4,21
2106,laces,1,Type_1,1,SCekAduEx,H31e76Sl4,21
2106,lac,1,Type_1,1,SCekAduEx,H31e76Sl4,21
2106,lace,1,Type_1,1,SCekAduEx,H31e76Sl4,21
2106,carl,1,Type_1,1,SCekAduEx,H31e76Sl4,21
2107,car,1,Type_1,1,wfwsjQuh9,BdVGDhZaN,21
2107,case,1,Type_1,1,wfwsjQuh9,BdVGDhZaN,21
2107,her,1,Type_1,1,wfwsjQuh9,BdVGDhZaN,21
2107,ae,1,Type_1,1,wfwsjQuh9,BdVGDhZaN,21
2107,ace,1,Type_1,1,wfwsjQuh9,BdVGDhZaN,21
2107,sea,1,Type_1,1,wfwsjQuh9,BdVGDhZaN,21
2107,seal,1,Type_1,1,wfwsjQuh9,BdVGDhZaN,21
2107,heal,1,Type_1,1,wfwsjQuh9,BdVGDhZaN,21
2107,real,1,Type_1,1,wfwsjQuh9,BdVGDhZaN,21
2107,ale,1,Type_1,1,wfwsjQuh9,BdVGDhZaN,21
2107,ales,1,Type_1,1,wfwsjQuh9,BdVGDhZaN,21
2107,sale,1,Type_1,1,wfwsjQuh9,BdVGDhZaN,21
2107,hare,1,Type_1,1,wfwsjQuh9,BdVGDhZaN,21
2107,hares,1,Type_1,1,wfwsjQuh9,BdVGDhZaN,21
2107,care,1,Type_1,1,wfwsjQuh9,BdVGDhZaN,21
2107,cares,1,Type_1,1,wfwsjQuh9,BdVGDhZaN,21
2107,arse,1,Type_1,1,wfwsjQuh9,BdVGDhZaN,21
2107,laser,1,Type_1,1,wfwsjQuh9,BdVGDhZaN,21
2107,race,1,Type_1,1,wfwsjQuh9,BdVGDhZaN,21
2107,lace,1,Type_1,1,wfwsjQuh9,BdVGDhZaN,21
2107,lase,1,Type_1,1,wfwsjQuh9,BdVGDhZaN,21
2107,she,1,Type_1,1,wfwsjQuh9,BdVGDhZaN,21
2107,he,1,Type_1,1,wfwsjQuh9,BdVGDhZaN,21
2107,chase,1,Type_1,1,wfwsjQuh9,BdVGDhZaN,21
2107,chear,1,Type_1,1,wfwsjQuh9,BdVGDhZaN,21
2107,leach,1,Type_1,1,wfwsjQuh9,BdVGDhZaN,21
2107,reach,1,Type_1,1,wfwsjQuh9,BdVGDhZaN,21
2107,arch,1,Type_1,1,wfwsjQuh9,BdVGDhZaN,21
2107,arc,1,Type_1,1,wfwsjQuh9,BdVGDhZaN,21
2107,arcs,1,Type_1,1,wfwsjQuh9,BdVGDhZaN,21
2107,ha,1,Type_1,1,wfwsjQuh9,BdVGDhZaN,21
2107,ear,1,Type_1,1,wfwsjQuh9,BdVGDhZaN,21
2107,ears,1,Type_1,1,wfwsjQuh9,BdVGDhZaN,21
2107,are,1,Type_1,1,wfwsjQuh9,BdVGDhZaN,21
2108,search,1,Type_1,1,L74Vh3rNi,kH6LD1pBN,21
2108,has,1,Type_1,1,L74Vh3rNi,kH6LD1pBN,21
2108,leach,1,Type_1,1,L74Vh3rNi,kH6LD1pBN,21
2108,sale,1,Type_1,1,L74Vh3rNi,kH6LD1pBN,21
2108,car,1,Type_1,1,L74Vh3rNi,kH6LD1pBN,21
2108,cars,1,Type_1,1,L74Vh3rNi,kH6LD1pBN,21
2108,her,1,Type_1,1,L74Vh3rNi,kH6LD1pBN,21
2108,hers,1,Type_1,1,L74Vh3rNi,kH6LD1pBN,21
2108,las,1,Type_1,1,L74Vh3rNi,kH6LD1pBN,21
2108,sea,1,Type_1,1,L74Vh3rNi,kH6LD1pBN,21
2108,ear,1,Type_1,1,L74Vh3rNi,kH6LD1pBN,21
2108,ears,1,Type_1,1,L74Vh3rNi,kH6LD1pBN,21
2108,hear,1,Type_1,1,L74Vh3rNi,kH6LD1pBN,21
2108,hears,1,Type_1,1,L74Vh3rNi,kH6LD1pBN,21
2108,seal,1,Type_1,1,L74Vh3rNi,kH6LD1pBN,21
2108,heal,1,Type_1,1,L74Vh3rNi,kH6LD1pBN,21
2108,heals,1,Type_1,1,L74Vh3rNi,kH6LD1pBN,21
2108,real,1,Type_1,1,L74Vh3rNi,kH6LD1pBN,21
2108,he,1,Type_1,1,L74Vh3rNi,kH6LD1pBN,21
2108,reach,1,Type_1,1,L74Vh3rNi,kH6LD1pBN,21
2108,rash,1,Type_1,1,L74Vh3rNi,kH6LD1pBN,21
2108,lash,1,Type_1,1,L74Vh3rNi,kH6LD1pBN,21
2108,cash,1,Type_1,1,L74Vh3rNi,kH6LD1pBN,21
2108,ash,1,Type_1,1,L74Vh3rNi,kH6LD1pBN,21
2108,ace,1,Type_1,1,L74Vh3rNi,kH6LD1pBN,21
2108,lace,1,Type_1,1,L74Vh3rNi,kH6LD1pBN,21
2108,race,1,Type_1,1,L74Vh3rNi,kH6LD1pBN,21
2108,races,1,Type_1,1,L74Vh3rNi,kH6LD1pBN,21
2108,laces,1,Type_1,1,L74Vh3rNi,kH6LD1pBN,21
2108,aces,1,Type_1,1,L74Vh3rNi,kH6LD1pBN,21
2108,ale,1,Type_1,1,L74Vh3rNi,kH6LD1pBN,21
2108,ales,1,Type_1,1,L74Vh3rNi,kH6LD1pBN,21
2108,hale,1,Type_1,1,L74Vh3rNi,kH6LD1pBN,21
2108,hare,1,Type_1,1,L74Vh3rNi,kH6LD1pBN,21
2108,hares,1,Type_1,1,L74Vh3rNi,kH6LD1pBN,21
2108,case,1,Type_1,1,L74Vh3rNi,kH6LD1pBN,21
2109,sea,1,Type_1,1,0OejK6YU5,2jLd1LMv7,21
2109,seal,1,Type_1,1,0OejK6YU5,2jLd1LMv7,21
2109,sale,1,Type_1,1,0OejK6YU5,2jLd1LMv7,21
2109,race,1,Type_1,1,0OejK6YU5,2jLd1LMv7,21
2109,her,1,Type_1,1,0OejK6YU5,2jLd1LMv7,21
2109,lace,1,Type_1,1,0OejK6YU5,2jLd1LMv7,21
2109,he,1,Type_1,1,0OejK6YU5,2jLd1LMv7,21
2109,she,1,Type_1,1,0OejK6YU5,2jLd1LMv7,21
2109,chase,1,Type_1,1,0OejK6YU5,2jLd1LMv7,21
2109,cars,1,Type_1,1,0OejK6YU5,2jLd1LMv7,21
2109,ace,1,Type_1,1,0OejK6YU5,2jLd1LMv7,21
2109,hear,1,Type_1,1,0OejK6YU5,2jLd1LMv7,21
2109,hare,1,Type_1,1,0OejK6YU5,2jLd1LMv7,21
2109,care,1,Type_1,1,0OejK6YU5,2jLd1LMv7,21
2109,are,1,Type_1,1,0OejK6YU5,2jLd1LMv7,21
2109,scar,1,Type_1,1,0OejK6YU5,2jLd1LMv7,21
2109,scare,1,Type_1,1,0OejK6YU5,2jLd1LMv7,21
2109,ear,1,Type_1,1,0OejK6YU5,2jLd1LMv7,21
2109,ale,1,Type_1,1,0OejK6YU5,2jLd1LMv7,21
2109,ash,1,Type_1,1,0OejK6YU5,2jLd1LMv7,21
2109,rash,1,Type_1,1,0OejK6YU5,2jLd1LMv7,21
2109,lash,1,Type_1,1,0OejK6YU5,2jLd1LMv7,21
2109,cash,1,Type_1,1,0OejK6YU5,2jLd1LMv7,21
2110,sea,1,Type_1,1,n3eqy99gW,lLq4FpFkm,21
2110,chase,1,Type_1,1,n3eqy99gW,lLq4FpFkm,21
2110,race,1,Type_1,1,n3eqy99gW,lLq4FpFkm,21
2110,races,1,Type_1,1,n3eqy99gW,lLq4FpFkm,21
2110,ace,1,Type_1,1,n3eqy99gW,lLq4FpFkm,21
2110,aces,1,Type_1,1,n3eqy99gW,lLq4FpFkm,21
2110,lace,1,Type_1,1,n3eqy99gW,lLq4FpFkm,21
2110,laces,1,Type_1,1,n3eqy99gW,lLq4FpFkm,21
2110,search,1,Type_1,1,n3eqy99gW,lLq4FpFkm,21
2110,hear,1,Type_1,1,n3eqy99gW,lLq4FpFkm,21
2110,real,1,Type_1,1,n3eqy99gW,lLq4FpFkm,21
2110,reach,1,Type_1,1,n3eqy99gW,lLq4FpFkm,21
2110,hears,1,Type_1,1,n3eqy99gW,lLq4FpFkm,21
2110,clear,1,Type_1,1,n3eqy99gW,lLq4FpFkm,21
2110,clears,1,Type_1,1,n3eqy99gW,lLq4FpFkm,21
2110,seal,1,Type_1,1,n3eqy99gW,lLq4FpFkm,21
2110,sale,1,Type_1,1,n3eqy99gW,lLq4FpFkm,21
2110,case,1,Type_1,1,n3eqy99gW,lLq4FpFkm,21
2110,arch,1,Type_1,1,n3eqy99gW,lLq4FpFkm,21
2110,arches,1,Type_1,1,n3eqy99gW,lLq4FpFkm,21
2110,ars,1,Type_1,1,n3eqy99gW,lLq4FpFkm,21
2110,leach,1,Type_1,1,n3eqy99gW,lLq4FpFkm,21
2110,carl,1,Type_1,1,n3eqy99gW,lLq4FpFkm,21
2110,car,1,Type_1,1,n3eqy99gW,lLq4FpFkm,21
2110,cars,1,Type_1,1,n3eqy99gW,lLq4FpFkm,21
2110,ale,1,Type_1,1,n3eqy99gW,lLq4FpFkm,21
2110,ales,1,Type_1,1,n3eqy99gW,lLq4FpFkm,21
2110,ache,1,Type_1,1,n3eqy99gW,lLq4FpFkm,21
2110,aches,1,Type_1,1,n3eqy99gW,lLq4FpFkm,21
2110,hale,1,Type_1,1,n3eqy99gW,lLq4FpFkm,21
2110,heal,1,Type_1,1,n3eqy99gW,lLq4FpFkm,21
2110,heals,1,Type_1,1,n3eqy99gW,lLq4FpFkm,21
2110,each,1,Type_1,1,n3eqy99gW,lLq4FpFkm,21
2110,larch,1,Type_1,1,n3eqy99gW,lLq4FpFkm,21
2111,sale,1,Type_1,1,LYNLIZcfa,cSglstp8y,21
2111,cash,1,Type_1,1,LYNLIZcfa,cSglstp8y,21
2111,heal,1,Type_1,1,LYNLIZcfa,cSglstp8y,21
2111,care,1,Type_1,1,LYNLIZcfa,cSglstp8y,21
2111,cares,1,Type_1,1,LYNLIZcfa,cSglstp8y,21
2111,seal,1,Type_1,1,LYNLIZcfa,cSglstp8y,21
2111,hares,1,Type_1,1,LYNLIZcfa,cSglstp8y,21
2111,hare,1,Type_1,1,LYNLIZcfa,cSglstp8y,21
2111,heals,1,Type_1,1,LYNLIZcfa,cSglstp8y,21
2111,crash,1,Type_1,1,LYNLIZcfa,cSglstp8y,21
2111,race,1,Type_1,1,LYNLIZcfa,cSglstp8y,21
2111,re,1,Type_1,1,LYNLIZcfa,cSglstp8y,21
2111,races,1,Type_1,1,LYNLIZcfa,cSglstp8y,21
2111,lear,1,Type_1,1,LYNLIZcfa,cSglstp8y,21
2111,lears,1,Type_1,1,LYNLIZcfa,cSglstp8y,21
2111,hear,1,Type_1,1,LYNLIZcfa,cSglstp8y,21
2111,hears,1,Type_1,1,LYNLIZcfa,cSglstp8y,21
2111,car,1,Type_1,1,LYNLIZcfa,cSglstp8y,21
2111,cars,1,Type_1,1,LYNLIZcfa,cSglstp8y,21
2111,case,1,Type_1,1,LYNLIZcfa,cSglstp8y,21
2111,laser,1,Type_1,1,LYNLIZcfa,cSglstp8y,21
2111,lace,1,Type_1,1,LYNLIZcfa,cSglstp8y,21
2111,laces,1,Type_1,1,LYNLIZcfa,cSglstp8y,21
2111,ace,1,Type_1,1,LYNLIZcfa,cSglstp8y,21
2111,aces,1,Type_1,1,LYNLIZcfa,cSglstp8y,21
2111,her,1,Type_1,1,LYNLIZcfa,cSglstp8y,21
2111,hers,1,Type_1,1,LYNLIZcfa,cSglstp8y,21
2111,ser,1,Type_1,1,LYNLIZcfa,cSglstp8y,21
2111,sear,1,Type_1,1,LYNLIZcfa,cSglstp8y,21
2112,car,1,Type_1,1,B2VGhAwDm,6faZqFCbq,21
2112,cars,1,Type_1,1,B2VGhAwDm,6faZqFCbq,21
2112,chase,1,Type_1,1,B2VGhAwDm,6faZqFCbq,21
2112,case,1,Type_1,1,B2VGhAwDm,6faZqFCbq,21
2112,race,1,Type_1,1,B2VGhAwDm,6faZqFCbq,21
2112,races,1,Type_1,1,B2VGhAwDm,6faZqFCbq,21
2112,lace,1,Type_1,1,B2VGhAwDm,6faZqFCbq,21
2112,laces,1,Type_1,1,B2VGhAwDm,6faZqFCbq,21
2112,laser,1,Type_1,1,B2VGhAwDm,6faZqFCbq,21
2112,her,1,Type_1,1,B2VGhAwDm,6faZqFCbq,21
2112,hear,1,Type_1,1,B2VGhAwDm,6faZqFCbq,21
2112,ear,1,Type_1,1,B2VGhAwDm,6faZqFCbq,21
2112,ears,1,Type_1,1,B2VGhAwDm,6faZqFCbq,21
2112,earl,1,Type_1,1,B2VGhAwDm,6faZqFCbq,21
2112,earls,1,Type_1,1,B2VGhAwDm,6faZqFCbq,21
2112,seal,1,Type_1,1,B2VGhAwDm,6faZqFCbq,21
2112,heal,1,Type_1,1,B2VGhAwDm,6faZqFCbq,21
2112,heals,1,Type_1,1,B2VGhAwDm,6faZqFCbq,21
2112,sea,1,Type_1,1,B2VGhAwDm,6faZqFCbq,21
2112,scar,1,Type_1,1,B2VGhAwDm,6faZqFCbq,21
2112,scare,1,Type_1,1,B2VGhAwDm,6faZqFCbq,21
2112,ace,1,Type_1,1,B2VGhAwDm,6faZqFCbq,21
2112,aces,1,Type_1,1,B2VGhAwDm,6faZqFCbq,21
2112,care,1,Type_1,1,B2VGhAwDm,6faZqFCbq,21
2112,cares,1,Type_1,1,B2VGhAwDm,6faZqFCbq,21
2113,sea,1,Type_0,1,tyzuRfdEP,P26rEcvgh,21
2113,seal,1,Type_0,1,tyzuRfdEP,P26rEcvgh,21
2113,chase,1,Type_0,1,tyzuRfdEP,P26rEcvgh,21
2113,hear,1,Type_0,1,tyzuRfdEP,P26rEcvgh,21
2113,heal,1,Type_0,1,tyzuRfdEP,P26rEcvgh,21
2113,scale,1,Type_0,1,tyzuRfdEP,P26rEcvgh,21
2113,arse,1,Type_0,1,tyzuRfdEP,P26rEcvgh,21
2113,earl,1,Type_0,1,tyzuRfdEP,P26rEcvgh,21
2113,real,1,Type_0,1,tyzuRfdEP,P26rEcvgh,21
2113,case,1,Type_0,1,tyzuRfdEP,P26rEcvgh,21
2113,sale,1,Type_0,1,tyzuRfdEP,P26rEcvgh,21
2113,search,1,Type_0,1,tyzuRfdEP,P26rEcvgh,21
2113,reach,1,Type_0,1,tyzuRfdEP,P26rEcvgh,21
2113,car,1,Type_0,1,tyzuRfdEP,P26rEcvgh,21
2113,cars,1,Type_0,1,tyzuRfdEP,P26rEcvgh,21
2113,carl,1,Type_0,1,tyzuRfdEP,P26rEcvgh,21
2113,crash,1,Type_0,1,tyzuRfdEP,P26rEcvgh,21
2113,rash,1,Type_0,1,tyzuRfdEP,P26rEcvgh,21
2113,lash,1,Type_0,1,tyzuRfdEP,P26rEcvgh,21
2113,ache,1,Type_0,1,tyzuRfdEP,P26rEcvgh,21
2113,aches,1,Type_0,1,tyzuRfdEP,P26rEcvgh,21
2113,leash,1,Type_0,1,tyzuRfdEP,P26rEcvgh,21
2113,cash,1,Type_0,1,tyzuRfdEP,P26rEcvgh,21
2113,ash,1,Type_0,1,tyzuRfdEP,P26rEcvgh,21
2113,has,1,Type_0,1,tyzuRfdEP,P26rEcvgh,21
2113,ear,1,Type_0,1,tyzuRfdEP,P26rEcvgh,21
2113,ale,1,Type_0,1,tyzuRfdEP,P26rEcvgh,21
2113,as,1,Type_0,1,tyzuRfdEP,P26rEcvgh,21
2113,are,1,Type_0,1,tyzuRfdEP,P26rEcvgh,21
2113,ace,1,Type_0,1,tyzuRfdEP,P26rEcvgh,21
2113,lace,1,Type_0,1,tyzuRfdEP,P26rEcvgh,21
2113,race,1,Type_0,1,tyzuRfdEP,P26rEcvgh,21
2113,hare,1,Type_0,1,tyzuRfdEP,P26rEcvgh,21
2113,share,1,Type_0,1,tyzuRfdEP,P26rEcvgh,21
2114,hare,1,Type_1,1,B5CXJsYZy,8E3Yx74uO,21
2114,hares,1,Type_1,1,B5CXJsYZy,8E3Yx74uO,21
2114,care,1,Type_1,1,B5CXJsYZy,8E3Yx74uO,21
2114,cares,1,Type_1,1,B5CXJsYZy,8E3Yx74uO,21
2114,laser,1,Type_1,1,B5CXJsYZy,8E3Yx74uO,21
2114,case,1,Type_1,1,B5CXJsYZy,8E3Yx74uO,21
2114,chase,1,Type_1,1,B5CXJsYZy,8E3Yx74uO,21
2114,hale,1,Type_1,1,B5CXJsYZy,8E3Yx74uO,21
2114,hales,1,Type_1,1,B5CXJsYZy,8E3Yx74uO,21
2114,car,1,Type_1,1,B5CXJsYZy,8E3Yx74uO,21
2114,cars,1,Type_1,1,B5CXJsYZy,8E3Yx74uO,21
2114,her,1,Type_1,1,B5CXJsYZy,8E3Yx74uO,21
2114,race,1,Type_1,1,B5CXJsYZy,8E3Yx74uO,21
2114,races,1,Type_1,1,B5CXJsYZy,8E3Yx74uO,21
2114,hers,1,Type_1,1,B5CXJsYZy,8E3Yx74uO,21
2114,hear,1,Type_1,1,B5CXJsYZy,8E3Yx74uO,21
2114,hears,1,Type_1,1,B5CXJsYZy,8E3Yx74uO,21
2114,ars,1,Type_1,1,B5CXJsYZy,8E3Yx74uO,21
2114,arse,1,Type_1,1,B5CXJsYZy,8E3Yx74uO,21
2114,ear,1,Type_1,1,B5CXJsYZy,8E3Yx74uO,21
2114,ears,1,Type_1,1,B5CXJsYZy,8E3Yx74uO,21
2114,rale,1,Type_1,1,B5CXJsYZy,8E3Yx74uO,21
2114,rales,1,Type_1,1,B5CXJsYZy,8E3Yx74uO,21
2114,chaser,1,Type_1,1,B5CXJsYZy,8E3Yx74uO,21
2114,arc,1,Type_1,1,B5CXJsYZy,8E3Yx74uO,21
2114,arcs,1,Type_1,1,B5CXJsYZy,8E3Yx74uO,21
2114,earl,1,Type_1,1,B5CXJsYZy,8E3Yx74uO,21
2114,earls,1,Type_1,1,B5CXJsYZy,8E3Yx74uO,21
2114,carl,1,Type_1,1,B5CXJsYZy,8E3Yx74uO,21
2114,search,1,Type_1,1,B5CXJsYZy,8E3Yx74uO,21
2114,reach,1,Type_1,1,B5CXJsYZy,8E3Yx74uO,21
2114,char,1,Type_1,1,B5CXJsYZy,8E3Yx74uO,21
2114,chars,1,Type_1,1,B5CXJsYZy,8E3Yx74uO,21
2114,has,1,Type_1,1,B5CXJsYZy,8E3Yx74uO,21
2114,he,1,Type_1,1,B5CXJsYZy,8E3Yx74uO,21
2114,are,1,Type_1,1,B5CXJsYZy,8E3Yx74uO,21
2114,ale,1,Type_1,1,B5CXJsYZy,8E3Yx74uO,21
2114,ales,1,Type_1,1,B5CXJsYZy,8E3Yx74uO,21
2114,sea,1,Type_1,1,B5CXJsYZy,8E3Yx74uO,21
2114,sear,1,Type_1,1,B5CXJsYZy,8E3Yx74uO,21
2114,real,1,Type_1,1,B5CXJsYZy,8E3Yx74uO,21
2114,reals,1,Type_1,1,B5CXJsYZy,8E3Yx74uO,21
2114,sale,1,Type_1,1,B5CXJsYZy,8E3Yx74uO,21
2114,heal,1,Type_1,1,B5CXJsYZy,8E3Yx74uO,21
2114,heals,1,Type_1,1,B5CXJsYZy,8E3Yx74uO,21
2114,as,1,Type_1,1,B5CXJsYZy,8E3Yx74uO,21
2114,ace,1,Type_1,1,B5CXJsYZy,8E3Yx74uO,21
2114,aces,1,Type_1,1,B5CXJsYZy,8E3Yx74uO,21
2114,lace,1,Type_1,1,B5CXJsYZy,8E3Yx74uO,21
2114,laces,1,Type_1,1,B5CXJsYZy,8E3Yx74uO,21
2114,sac,1,Type_1,1,B5CXJsYZy,8E3Yx74uO,21
2114,scale,1,Type_1,1,B5CXJsYZy,8E3Yx74uO,21
2114,each,1,Type_1,1,B5CXJsYZy,8E3Yx74uO,21
2114,cash,1,Type_1,1,B5CXJsYZy,8E3Yx74uO,21
2114,lear,1,Type_1,1,B5CXJsYZy,8E3Yx74uO,21
2114,lears,1,Type_1,1,B5CXJsYZy,8E3Yx74uO,21
2114,seal,1,Type_1,1,B5CXJsYZy,8E3Yx74uO,21
2114,el,1,Type_1,1,B5CXJsYZy,8E3Yx74uO,21
2114,res,1,Type_1,1,B5CXJsYZy,8E3Yx74uO,21
2114,lac,1,Type_1,1,B5CXJsYZy,8E3Yx74uO,21
