Group,Word,Validity,Condition,Round,ID
11,mash,1,Type_1,3,7kFJxdmGu
11,mast,1,Type_1,3,7kFJxdmGu
11,met,1,Type_1,3,7kFJxdmGu
11,cat,1,Type_1,3,7kFJxdmGu
11,cats,1,Type_1,3,7kFJxdmGu
11,scat,1,Type_1,3,7kFJxdmGu
11,shat,1,Type_1,3,7kFJxdmGu
11,same,1,Type_1,3,7kFJxdmGu
11,ate,1,Type_1,3,7kFJxdmGu
11,eat,1,Type_1,3,7kFJxdmGu
11,tame,1,Type_1,3,7kFJxdmGu
11,team,1,Type_1,3,7kFJxdmGu
11,teams,1,Type_1,3,7kFJxdmGu
11,hat,1,Type_1,3,7kFJxdmGu
11,hats,1,Type_1,3,7kFJxdmGu
11,mats,1,Type_1,3,7kFJxdmGu
11,stem,1,Type_1,3,7kFJxdmGu
11,steam,1,Type_1,3,7kFJxdmGu
11,meat,1,Type_1,3,7kFJxdmGu
11,meats,1,Type_1,3,7kFJxdmGu
11,seam,1,Type_1,3,7kFJxdmGu
11,ham,1,Type_1,3,7kFJxdmGu
11,hams,1,Type_1,3,7kFJxdmGu
11,seat,1,Type_1,3,7kFJxdmGu
11,heat,1,Type_1,3,7kFJxdmGu
11,case,1,Type_1,3,7kFJxdmGu
11,came,1,Type_1,3,7kFJxdmGu
11,me,1,Type_1,3,7kFJxdmGu
11,ace,1,Type_1,3,7kFJxdmGu
11,at,1,Type_1,3,7kFJxdmGu
11,cash,1,Type_1,3,7kFJxdmGu
11,east,1,Type_1,3,7kFJxdmGu
11,mat,1,Type_1,3,7kFJxdmGu
11,tea,1,Type_1,3,7kFJxdmGu
11,tech,1,Type_1,3,7kFJxdmGu
11,as,1,Type_1,3,7kFJxdmGu
11,has,1,Type_1,3,7kFJxdmGu
11,mate,1,Type_1,3,7kFJxdmGu
11,hat,1,Type_1,3,7kFJxdmGu
11,hate,1,Type_1,3,7kFJxdmGu
11,cash,1,Type_1,3,7kFJxdmGu
11,mash,1,Type_1,3,7kFJxdmGu
11,cheat,1,Type_1,3,7kFJxdmGu
11,cheats,1,Type_1,3,7kFJxdmGu
5,sae,1,Type_0,3,t2YVPYZKE
5,same,1,Type_0,3,t2YVPYZKE
5,set,1,Type_0,3,t2YVPYZKE
5,sat,1,Type_0,3,t2YVPYZKE
5,ate,1,Type_0,3,t2YVPYZKE
5,cast,1,Type_0,3,t2YVPYZKE
5,haste,1,Type_0,3,t2YVPYZKE
5,tame,1,Type_0,3,t2YVPYZKE
5,same,1,Type_0,3,t2YVPYZKE
5,came,1,Type_0,3,t2YVPYZKE
5,mate,1,Type_0,3,t2YVPYZKE
5,mates,1,Type_0,3,t2YVPYZKE
5,hat,1,Type_0,3,t2YVPYZKE
5,hate,1,Type_0,3,t2YVPYZKE
5,hats,1,Type_0,3,t2YVPYZKE
5,cat,1,Type_0,3,t2YVPYZKE
5,cats,1,Type_0,3,t2YVPYZKE
5,mat,1,Type_0,3,t2YVPYZKE
5,mats,1,Type_0,3,t2YVPYZKE
5,met,1,Type_0,3,t2YVPYZKE
5,shat,1,Type_0,3,t2YVPYZKE
5,mat,1,Type_0,3,t2YVPYZKE
5,mats,1,Type_0,3,t2YVPYZKE
5,hem,1,Type_0,3,t2YVPYZKE
5,hems,1,Type_0,3,t2YVPYZKE
5,mast,1,Type_0,3,t2YVPYZKE
5,hems,1,Type_0,3,t2YVPYZKE
5,shame,1,Type_0,3,t2YVPYZKE
5,ace,1,Type_0,3,t2YVPYZKE
5,aces,1,Type_0,3,t2YVPYZKE
5,mac,1,Type_0,3,t2YVPYZKE
5,macs,1,Type_0,3,t2YVPYZKE
5,tace,1,Type_0,3,t2YVPYZKE
5,taces,1,Type_0,3,t2YVPYZKE
5,scam,1,Type_0,3,t2YVPYZKE
5,haste,1,Type_0,3,t2YVPYZKE
5,ham,1,Type_0,3,t2YVPYZKE
5,hams,1,Type_0,3,t2YVPYZKE
5,mash,1,Type_0,3,t2YVPYZKE
5,shame,1,Type_0,3,t2YVPYZKE
5,seat,1,Type_0,3,t2YVPYZKE
5,meat,1,Type_0,3,t2YVPYZKE
5,cheat,1,Type_0,3,t2YVPYZKE
5,cam,1,Type_0,3,t2YVPYZKE
5,cams,1,Type_0,3,t2YVPYZKE
5,cheats,1,Type_0,3,t2YVPYZKE
5,cash,1,Type_0,3,t2YVPYZKE
5,heat,1,Type_0,3,t2YVPYZKE
5,heats,1,Type_0,3,t2YVPYZKE
5,as,1,Type_0,3,t2YVPYZKE
5,ash,1,Type_0,3,t2YVPYZKE
5,shame,1,Type_0,3,t2YVPYZKE
5,tea,1,Type_0,3,t2YVPYZKE
5,teas,1,Type_0,3,t2YVPYZKE
5,team,1,Type_0,3,t2YVPYZKE
5,teams,1,Type_0,3,t2YVPYZKE
5,mesh,1,Type_0,3,t2YVPYZKE
5,sham,1,Type_0,3,t2YVPYZKE
5,at,1,Type_0,3,t2YVPYZKE
5,has,1,Type_0,3,t2YVPYZKE
5,haste,1,Type_0,3,t2YVPYZKE
5,hast,1,Type_0,3,t2YVPYZKE
5,sac,1,Type_0,3,t2YVPYZKE
5,mat,1,Type_0,3,t2YVPYZKE
5,mate,1,Type_0,3,t2YVPYZKE
2,tech,1,Type_0,3,SKyt2yBGC
2,case,1,Type_0,3,SKyt2yBGC
2,chase,1,Type_0,3,SKyt2yBGC
2,came,1,Type_0,3,SKyt2yBGC
2,tame,1,Type_0,3,SKyt2yBGC
2,tames,1,Type_0,3,SKyt2yBGC
2,cat,1,Type_0,3,SKyt2yBGC
2,cats,1,Type_0,3,SKyt2yBGC
2,hat,1,Type_0,3,SKyt2yBGC
2,hats,1,Type_0,3,SKyt2yBGC
2,sat,1,Type_0,3,SKyt2yBGC
2,cam,1,Type_0,3,SKyt2yBGC
2,cash,1,Type_0,3,SKyt2yBGC
2,mash,1,Type_0,3,SKyt2yBGC
2,match,1,Type_0,3,SKyt2yBGC
2,matches,1,Type_0,3,SKyt2yBGC
2,matches,1,Type_0,3,SKyt2yBGC
2,hate,1,Type_0,3,SKyt2yBGC
2,hate,1,Type_0,3,SKyt2yBGC
2,shame,1,Type_0,3,SKyt2yBGC
2,tea,1,Type_0,3,SKyt2yBGC
2,ate,1,Type_0,3,SKyt2yBGC
2,eat,1,Type_0,3,SKyt2yBGC
2,team,1,Type_0,3,SKyt2yBGC
2,teams,1,Type_0,3,SKyt2yBGC
2,eats,1,Type_0,3,SKyt2yBGC
2,mate,1,Type_0,3,SKyt2yBGC
2,mates,1,Type_0,3,SKyt2yBGC
2,came,1,Type_0,3,SKyt2yBGC
2,met,1,Type_0,3,SKyt2yBGC
2,meat,1,Type_0,3,SKyt2yBGC
2,he,1,Type_0,3,SKyt2yBGC
2,has,1,Type_0,3,SKyt2yBGC
2,cash,1,Type_0,3,SKyt2yBGC
2,ache,1,Type_0,3,SKyt2yBGC
2,aches,1,Type_0,3,SKyt2yBGC
2,steam,1,Type_0,3,SKyt2yBGC
2,stem,1,Type_0,3,SKyt2yBGC
2,mash,1,Type_0,3,SKyt2yBGC
2,mac,1,Type_0,3,SKyt2yBGC
2,cat,1,Type_0,3,SKyt2yBGC
2,cats,1,Type_0,3,SKyt2yBGC
2,shat,1,Type_0,3,SKyt2yBGC
2,hets,1,Type_0,3,SKyt2yBGC
2,ham,1,Type_0,3,SKyt2yBGC
2,hams,1,Type_0,3,SKyt2yBGC
2,hams,1,Type_0,3,SKyt2yBGC
2,scam,1,Type_0,3,SKyt2yBGC
2,heat,1,Type_0,3,SKyt2yBGC
2,heat,1,Type_0,3,SKyt2yBGC
2,heats,1,Type_0,3,SKyt2yBGC
2,hate,1,Type_0,3,SKyt2yBGC
2,math,1,Type_0,3,SKyt2yBGC
2,cash,1,Type_0,3,SKyt2yBGC
2,case,1,Type_0,3,SKyt2yBGC
2,sea,1,Type_0,3,SKyt2yBGC
2,ace,1,Type_0,3,SKyt2yBGC
2,aces,1,Type_0,3,SKyt2yBGC
2,meta,1,Type_0,3,SKyt2yBGC
2,mash,1,Type_0,3,SKyt2yBGC
2,team,1,Type_0,3,SKyt2yBGC
2,teams,1,Type_0,3,SKyt2yBGC
2,chase,1,Type_0,3,SKyt2yBGC
2,hate,1,Type_0,3,SKyt2yBGC
2,shat,1,Type_0,3,SKyt2yBGC
2,eats,1,Type_0,3,SKyt2yBGC
2,ash,1,Type_0,3,SKyt2yBGC
2,hat,1,Type_0,3,SKyt2yBGC
2,has,1,Type_0,3,SKyt2yBGC
2,stem,1,Type_0,3,SKyt2yBGC
1,cash,1,Type_1,3,gj6PxQbd6
1,meat,1,Type_1,3,gj6PxQbd6
1,chase,1,Type_1,3,gj6PxQbd6
1,east,1,Type_1,3,gj6PxQbd6
1,ace,1,Type_1,3,gj6PxQbd6
1,has,1,Type_1,3,gj6PxQbd6
1,as,1,Type_1,3,gj6PxQbd6
1,tea,1,Type_1,3,gj6PxQbd6
1,he,1,Type_1,3,gj6PxQbd6
1,met,1,Type_1,3,gj6PxQbd6
1,hat,1,Type_1,3,gj6PxQbd6
1,set,1,Type_1,3,gj6PxQbd6
1,hats,1,Type_1,3,gj6PxQbd6
1,mast,1,Type_1,3,gj6PxQbd6
1,mate,1,Type_1,3,gj6PxQbd6
1,meta,1,Type_1,3,gj6PxQbd6
1,eat,1,Type_1,3,gj6PxQbd6
1,seat,1,Type_1,3,gj6PxQbd6
1,cat,1,Type_1,3,gj6PxQbd6
1,cats,1,Type_1,3,gj6PxQbd6
8,team,1,Type_1,3,pMkk89CN2
8,teams,1,Type_1,3,pMkk89CN2
8,meat,1,Type_1,3,pMkk89CN2
8,cash,1,Type_1,3,pMkk89CN2
8,case,1,Type_1,3,pMkk89CN2
8,cast,1,Type_1,3,pMkk89CN2
8,haste,1,Type_1,3,pMkk89CN2
8,chaste,1,Type_1,3,pMkk89CN2
8,meats,1,Type_1,3,pMkk89CN2
8,heat,1,Type_1,3,pMkk89CN2
8,heats,1,Type_1,3,pMkk89CN2
8,came,1,Type_1,3,pMkk89CN2
8,mate,1,Type_1,3,pMkk89CN2
8,mates,1,Type_1,3,pMkk89CN2
8,hate,1,Type_1,3,pMkk89CN2
8,shame,1,Type_1,3,pMkk89CN2
8,mesh,1,Type_1,3,pMkk89CN2
8,met,1,Type_1,3,pMkk89CN2
8,mat,1,Type_1,3,pMkk89CN2
8,mats,1,Type_1,3,pMkk89CN2
8,cat,1,Type_1,3,pMkk89CN2
8,cats,1,Type_1,3,pMkk89CN2
8,cate,1,Type_1,3,pMkk89CN2
8,cheat,1,Type_1,3,pMkk89CN2
8,cheats,1,Type_1,3,pMkk89CN2
8,sham,1,Type_1,3,pMkk89CN2
8,sham,1,Type_1,3,pMkk89CN2
8,shame,1,Type_1,3,pMkk89CN2
8,hem,1,Type_1,3,pMkk89CN2
8,hems,1,Type_1,3,pMkk89CN2
8,ham,1,Type_1,3,pMkk89CN2
8,hams,1,Type_1,3,pMkk89CN2
8,steam,1,Type_1,3,pMkk89CN2
8,tame,1,Type_1,3,pMkk89CN2
8,tames,1,Type_1,3,pMkk89CN2
8,scam,1,Type_1,3,pMkk89CN2
8,same,1,Type_1,3,pMkk89CN2
8,stem,1,Type_1,3,pMkk89CN2
8,chat,1,Type_1,3,pMkk89CN2
8,chats,1,Type_1,3,pMkk89CN2
8,hat,1,Type_1,3,pMkk89CN2
8,hats,1,Type_1,3,pMkk89CN2
8,mash,1,Type_1,3,pMkk89CN2
8,steam,1,Type_1,3,pMkk89CN2
8,ah,1,Type_1,3,pMkk89CN2
8,ahs,1,Type_1,3,pMkk89CN2
8,ate,1,Type_1,3,pMkk89CN2
8,eat,1,Type_1,3,pMkk89CN2
8,eats,1,Type_1,3,pMkk89CN2
8,ache,1,Type_1,3,pMkk89CN2
8,aches,1,Type_1,3,pMkk89CN2
8,ash,1,Type_1,3,pMkk89CN2
8,act,1,Type_1,3,pMkk89CN2
8,acts,1,Type_1,3,pMkk89CN2
8,haste,1,Type_1,3,pMkk89CN2
8,hast,1,Type_1,3,pMkk89CN2
8,caste,1,Type_1,3,pMkk89CN2
8,seam,1,Type_1,3,pMkk89CN2
8,chest,1,Type_1,3,pMkk89CN2
8,meta,1,Type_1,3,pMkk89CN2
8,meats,1,Type_1,3,pMkk89CN2
8,cams,1,Type_1,3,pMkk89CN2
8,cast,1,Type_1,3,pMkk89CN2
8,sate,1,Type_1,3,pMkk89CN2
8,chasm,1,Type_1,3,pMkk89CN2
8,heat,1,Type_1,3,pMkk89CN2
8,heats,1,Type_1,3,pMkk89CN2
8,cam,1,Type_1,3,pMkk89CN2
8,aches,1,Type_1,3,pMkk89CN2
8,haste,1,Type_1,3,pMkk89CN2
8,set,1,Type_1,3,pMkk89CN2
8,seat,1,Type_1,3,pMkk89CN2
8,sat,1,Type_1,3,pMkk89CN2
8,tame,1,Type_1,3,pMkk89CN2
8,tames,1,Type_1,3,pMkk89CN2
8,met,1,Type_1,3,pMkk89CN2
8,mesh,1,Type_1,3,pMkk89CN2
8,mash,1,Type_1,3,pMkk89CN2
13,mate,1,Type_1,3,EqVAWGoFs
13,mates,1,Type_1,3,EqVAWGoFs
13,met,1,Type_1,3,EqVAWGoFs
13,cat,1,Type_1,3,EqVAWGoFs
13,cats,1,Type_1,3,EqVAWGoFs
13,haste,1,Type_1,3,EqVAWGoFs
13,caste,1,Type_1,3,EqVAWGoFs
13,cast,1,Type_1,3,EqVAWGoFs
13,case,1,Type_1,3,EqVAWGoFs
13,shat,1,Type_1,3,EqVAWGoFs
13,sham,1,Type_1,3,EqVAWGoFs
13,mash,1,Type_1,3,EqVAWGoFs
13,mast,1,Type_1,3,EqVAWGoFs
13,came,1,Type_1,3,EqVAWGoFs
13,cam,1,Type_1,3,EqVAWGoFs
13,hate,1,Type_1,3,EqVAWGoFs
13,them,1,Type_1,3,EqVAWGoFs
13,the,1,Type_1,3,EqVAWGoFs
13,ate,1,Type_1,3,EqVAWGoFs
13,eat,1,Type_1,3,EqVAWGoFs
13,eats,1,Type_1,3,EqVAWGoFs
13,tame,1,Type_1,3,EqVAWGoFs
13,tames,1,Type_1,3,EqVAWGoFs
13,set,1,Type_1,3,EqVAWGoFs
13,sat,1,Type_1,3,EqVAWGoFs
13,ham,1,Type_1,3,EqVAWGoFs
13,hams,1,Type_1,3,EqVAWGoFs
13,sate,1,Type_1,3,EqVAWGoFs
13,stem,1,Type_1,3,EqVAWGoFs
13,chaste,1,Type_1,3,EqVAWGoFs
13,chase,1,Type_1,3,EqVAWGoFs
13,chest,1,Type_1,3,EqVAWGoFs
13,tech,1,Type_1,3,EqVAWGoFs
13,techs,1,Type_1,3,EqVAWGoFs
13,teach,1,Type_1,3,EqVAWGoFs
13,team,1,Type_1,3,EqVAWGoFs
13,teams,1,Type_1,3,EqVAWGoFs
13,seam,1,Type_1,3,EqVAWGoFs
13,seat,1,Type_1,3,EqVAWGoFs
13,heat,1,Type_1,3,EqVAWGoFs
13,sea,1,Type_1,3,EqVAWGoFs
13,seat,1,Type_1,3,EqVAWGoFs
13,east,1,Type_1,3,EqVAWGoFs
13,sha,1,Type_1,3,EqVAWGoFs
13,sham,1,Type_1,3,EqVAWGoFs
13,tame,1,Type_1,3,EqVAWGoFs
13,tames,1,Type_1,3,EqVAWGoFs
13,cat,1,Type_1,3,EqVAWGoFs
13,cats,1,Type_1,3,EqVAWGoFs
13,the,1,Type_1,3,EqVAWGoFs
13,scat,1,Type_1,3,EqVAWGoFs
13,same,1,Type_1,3,EqVAWGoFs
13,set,1,Type_1,3,EqVAWGoFs
13,hate,1,Type_1,3,EqVAWGoFs
13,case,1,Type_1,3,EqVAWGoFs
13,cash,1,Type_1,3,EqVAWGoFs
13,mesh,1,Type_1,3,EqVAWGoFs
13,ache,1,Type_1,3,EqVAWGoFs
13,aches,1,Type_1,3,EqVAWGoFs
13,mach,1,Type_1,3,EqVAWGoFs
13,ate,1,Type_1,3,EqVAWGoFs
13,eta,1,Type_1,3,EqVAWGoFs
13,team,1,Type_1,3,EqVAWGoFs
13,teams,1,Type_1,3,EqVAWGoFs
13,heat,1,Type_1,3,EqVAWGoFs
13,heats,1,Type_1,3,EqVAWGoFs
13,each,1,Type_1,3,EqVAWGoFs
7,tame,1,Type_1,3,RvTIw5pYa
7,eat,1,Type_1,3,RvTIw5pYa
7,heat,1,Type_1,3,RvTIw5pYa
7,seat,1,Type_1,3,RvTIw5pYa
7,sea,1,Type_1,3,RvTIw5pYa
7,sec,1,Type_1,3,RvTIw5pYa
7,hate,1,Type_1,3,RvTIw5pYa
7,mate,1,Type_1,3,RvTIw5pYa
7,mates,1,Type_1,3,RvTIw5pYa
7,he,1,Type_1,3,RvTIw5pYa
7,she,1,Type_1,3,RvTIw5pYa
7,heat,1,Type_1,3,RvTIw5pYa
7,hat,1,Type_1,3,RvTIw5pYa
7,heats,1,Type_1,3,RvTIw5pYa
7,hats,1,Type_1,3,RvTIw5pYa
7,sat,1,Type_1,3,RvTIw5pYa
7,cat,1,Type_1,3,RvTIw5pYa
7,cate,1,Type_1,3,RvTIw5pYa
7,tea,1,Type_1,3,RvTIw5pYa
7,teas,1,Type_1,3,RvTIw5pYa
7,team,1,Type_1,3,RvTIw5pYa
7,tea1,1,Type_1,3,RvTIw5pYa
7,came,1,Type_1,3,RvTIw5pYa
7,cam,1,Type_1,3,RvTIw5pYa
7,same,1,Type_1,3,RvTIw5pYa
7,sate,1,Type_1,3,RvTIw5pYa
7,shame,1,Type_1,3,RvTIw5pYa
7,cast,1,Type_1,3,RvTIw5pYa
7,chase,1,Type_1,3,RvTIw5pYa
7,cheat,1,Type_1,3,RvTIw5pYa
7,cheats,1,Type_1,3,RvTIw5pYa
7,chat,1,Type_1,3,RvTIw5pYa
7,chats,1,Type_1,3,RvTIw5pYa
7,mast,1,Type_1,3,RvTIw5pYa
7,mash,1,Type_1,3,RvTIw5pYa
7,hast,1,Type_1,3,RvTIw5pYa
7,haste,1,Type_1,3,RvTIw5pYa
7,hate,1,Type_1,3,RvTIw5pYa
7,hat,1,Type_1,3,RvTIw5pYa
7,case,1,Type_1,3,RvTIw5pYa
7,came,1,Type_1,3,RvTIw5pYa
7,ash,1,Type_1,3,RvTIw5pYa
7,ate,1,Type_1,3,RvTIw5pYa
7,ace,1,Type_1,3,RvTIw5pYa
7,hat,1,Type_1,3,RvTIw5pYa
7,sat,1,Type_1,3,RvTIw5pYa
7,shame,1,Type_1,3,RvTIw5pYa
7,eats,1,Type_1,3,RvTIw5pYa
7,tea,1,Type_1,3,RvTIw5pYa
7,shat,1,Type_1,3,RvTIw5pYa
7,mat,1,Type_1,3,RvTIw5pYa
7,mats,1,Type_1,3,RvTIw5pYa
7,team,1,Type_1,3,RvTIw5pYa
7,tea1,1,Type_1,3,RvTIw5pYa
7,stem,1,Type_1,3,RvTIw5pYa
7,same,1,Type_1,3,RvTIw5pYa
1,has,1,Type_1,3,euXQGFGfc
1,mate,1,Type_1,3,euXQGFGfc
1,mats,1,Type_1,3,euXQGFGfc
1,hate,1,Type_1,3,euXQGFGfc
1,she,1,Type_1,3,euXQGFGfc
1,them,1,Type_1,3,euXQGFGfc
1,cat,1,Type_1,3,euXQGFGfc
1,cats,1,Type_1,3,euXQGFGfc
1,met,1,Type_1,3,euXQGFGfc
1,sat,1,Type_1,3,euXQGFGfc
1,ham,1,Type_1,3,euXQGFGfc
1,sham,1,Type_1,3,euXQGFGfc
1,shat,1,Type_1,3,euXQGFGfc
1,scat,1,Type_1,3,euXQGFGfc
1,scam,1,Type_1,3,euXQGFGfc
1,cam,1,Type_1,3,euXQGFGfc
1,came,1,Type_1,3,euXQGFGfc
1,haste,1,Type_1,3,euXQGFGfc
1,cast,1,Type_1,3,euXQGFGfc
1,caste,1,Type_1,3,euXQGFGfc
1,mash,1,Type_1,3,euXQGFGfc
1,team,1,Type_1,3,euXQGFGfc
1,teams,1,Type_1,3,euXQGFGfc
1,sea,1,Type_1,3,euXQGFGfc
1,as,1,Type_1,3,euXQGFGfc
1,sat,1,Type_1,3,euXQGFGfc
1,hat,1,Type_1,3,euXQGFGfc
1,heat,1,Type_1,3,euXQGFGfc
1,team,1,Type_1,3,euXQGFGfc
1,teas,1,Type_1,3,euXQGFGfc
1,tea,1,Type_1,3,euXQGFGfc
1,tech,1,Type_1,3,euXQGFGfc
1,am,1,Type_1,3,euXQGFGfc
1,hem,1,Type_1,3,euXQGFGfc
1,ate,1,Type_1,3,euXQGFGfc
1,eat,1,Type_1,3,euXQGFGfc
1,steam,1,Type_1,3,euXQGFGfc
1,set,1,Type_1,3,euXQGFGfc
1,steam,1,Type_1,3,euXQGFGfc
1,case,1,Type_1,3,euXQGFGfc
1,chase,1,Type_1,3,euXQGFGfc
1,mesh,1,Type_1,3,euXQGFGfc
1,the,1,Type_1,3,euXQGFGfc
1,meta,1,Type_1,3,euXQGFGfc
1,schema,1,Type_1,3,euXQGFGfc
1,cash,1,Type_1,3,euXQGFGfc
1,chase,1,Type_1,3,euXQGFGfc
1,hes,1,Type_1,3,euXQGFGfc
1,cam,1,Type_1,3,euXQGFGfc
1,set,1,Type_1,3,euXQGFGfc
1,seat,1,Type_1,3,euXQGFGfc
1,same,1,Type_1,3,euXQGFGfc
1,shame,1,Type_1,3,euXQGFGfc
1,tame,1,Type_1,3,euXQGFGfc
10,team,1,Type_0,3,cF4q5aTzO
10,tea,1,Type_0,3,cF4q5aTzO
10,teas,1,Type_0,3,cF4q5aTzO
10,tech,1,Type_0,3,cF4q5aTzO
10,teach,1,Type_0,3,cF4q5aTzO
10,teams,1,Type_0,3,cF4q5aTzO
10,ate,1,Type_0,3,cF4q5aTzO
10,ates,1,Type_0,3,cF4q5aTzO
10,met,1,Type_0,3,cF4q5aTzO
10,meat,1,Type_0,3,cF4q5aTzO
10,meats,1,Type_0,3,cF4q5aTzO
10,team,1,Type_0,3,cF4q5aTzO
10,teams,1,Type_0,3,cF4q5aTzO
10,seam,1,Type_0,3,cF4q5aTzO
10,mash,1,Type_0,3,cF4q5aTzO
10,mat,1,Type_0,3,cF4q5aTzO
10,mats,1,Type_0,3,cF4q5aTzO
10,mac,1,Type_0,3,cF4q5aTzO
10,me,1,Type_0,3,cF4q5aTzO
10,math,1,Type_0,3,cF4q5aTzO
10,maths,1,Type_0,3,cF4q5aTzO
10,set,1,Type_0,3,cF4q5aTzO
10,seat,1,Type_0,3,cF4q5aTzO
10,shame,1,Type_0,3,cF4q5aTzO
10,sham,1,Type_0,3,cF4q5aTzO
10,hat,1,Type_0,3,cF4q5aTzO
10,hats,1,Type_0,3,cF4q5aTzO
10,cat,1,Type_0,3,cF4q5aTzO
10,cats,1,Type_0,3,cF4q5aTzO
10,stem,1,Type_0,3,cF4q5aTzO
10,steam,1,Type_0,3,cF4q5aTzO
10,cash,1,Type_0,3,cF4q5aTzO
10,them,1,Type_0,3,cF4q5aTzO
10,he,1,Type_0,3,cF4q5aTzO
10,she,1,Type_0,3,cF4q5aTzO
10,mesh,1,Type_0,3,cF4q5aTzO
10,mash,1,Type_0,3,cF4q5aTzO
10,ate,1,Type_0,3,cF4q5aTzO
10,mate,1,Type_0,3,cF4q5aTzO
10,mates,1,Type_0,3,cF4q5aTzO
10,ham,1,Type_0,3,cF4q5aTzO
10,hams,1,Type_0,3,cF4q5aTzO
10,heat,1,Type_0,3,cF4q5aTzO
10,heats,1,Type_0,3,cF4q5aTzO
10,sat,1,Type_0,3,cF4q5aTzO
10,set,1,Type_0,3,cF4q5aTzO
10,sea,1,Type_0,3,cF4q5aTzO
10,seat,1,Type_0,3,cF4q5aTzO
10,sham,1,Type_0,3,cF4q5aTzO
10,chase,1,Type_0,3,cF4q5aTzO
10,chaste,1,Type_0,3,cF4q5aTzO
10,haste,1,Type_0,3,cF4q5aTzO
10,ache,1,Type_0,3,cF4q5aTzO
10,aches,1,Type_0,3,cF4q5aTzO
10,hate,1,Type_0,3,cF4q5aTzO
10,ta,1,Type_0,3,cF4q5aTzO
10,ma,1,Type_0,3,cF4q5aTzO
10,tea,1,Type_0,3,cF4q5aTzO
10,ash,1,Type_0,3,cF4q5aTzO
10,set,1,Type_0,3,cF4q5aTzO
10,eat,1,Type_0,3,cF4q5aTzO
9,tea,1,Type_1,3,TOuPABJpH
9,team,1,Type_1,3,TOuPABJpH
9,teams,1,Type_1,3,TOuPABJpH
9,teach,1,Type_1,3,TOuPABJpH
9,shame,1,Type_1,3,TOuPABJpH
9,sea,1,Type_1,3,TOuPABJpH
9,teas,1,Type_1,3,TOuPABJpH
9,shat,1,Type_1,3,TOuPABJpH
9,cat,1,Type_1,3,TOuPABJpH
9,cats,1,Type_1,3,TOuPABJpH
9,met,1,Type_1,3,TOuPABJpH
9,meat,1,Type_1,3,TOuPABJpH
9,meats,1,Type_1,3,TOuPABJpH
9,heat,1,Type_1,3,TOuPABJpH
9,hat,1,Type_1,3,TOuPABJpH
9,cat,1,Type_1,3,TOuPABJpH
9,cats,1,Type_1,3,TOuPABJpH
9,hats,1,Type_1,3,TOuPABJpH
9,heats,1,Type_1,3,TOuPABJpH
9,heat,1,Type_1,3,TOuPABJpH
9,cheat,1,Type_1,3,TOuPABJpH
9,cheats,1,Type_1,3,TOuPABJpH
9,mast,1,Type_1,3,TOuPABJpH
9,chest,1,Type_1,3,TOuPABJpH
9,chat,1,Type_1,3,TOuPABJpH
9,chats,1,Type_1,3,TOuPABJpH
9,same,1,Type_1,3,TOuPABJpH
9,me,1,Type_1,3,TOuPABJpH
9,met,1,Type_1,3,TOuPABJpH
9,case,1,Type_1,3,TOuPABJpH
9,cats,1,Type_1,3,TOuPABJpH
9,teach,1,Type_1,3,TOuPABJpH
9,tame,1,Type_1,3,TOuPABJpH
9,tams,1,Type_1,3,TOuPABJpH
9,tam,1,Type_1,3,TOuPABJpH
9,at,1,Type_1,3,TOuPABJpH
9,the,1,Type_1,3,TOuPABJpH
9,ace,1,Type_1,3,TOuPABJpH
9,has,1,Type_1,3,TOuPABJpH
9,sat,1,Type_1,3,TOuPABJpH
9,set,1,Type_1,3,TOuPABJpH
9,sea,1,Type_1,3,TOuPABJpH
9,shame,1,Type_1,3,TOuPABJpH
9,stem,1,Type_1,3,TOuPABJpH
9,tech,1,Type_1,3,TOuPABJpH
9,ham,1,Type_1,3,TOuPABJpH
9,hams,1,Type_1,3,TOuPABJpH
9,cam,1,Type_1,3,TOuPABJpH
9,cat,1,Type_1,3,TOuPABJpH
9,cate,1,Type_1,3,TOuPABJpH
9,cates,1,Type_1,3,TOuPABJpH
9,mate,1,Type_1,3,TOuPABJpH
9,mates,1,Type_1,3,TOuPABJpH
9,hate,1,Type_1,3,TOuPABJpH
9,seam,1,Type_1,3,TOuPABJpH
9,chat,1,Type_1,3,TOuPABJpH
9,hems,1,Type_1,3,TOuPABJpH
9,hem,1,Type_1,3,TOuPABJpH
9,he,1,Type_1,3,TOuPABJpH
9,hes,1,Type_1,3,TOuPABJpH
9,has,1,Type_1,3,TOuPABJpH
9,heat,1,Type_1,3,TOuPABJpH
9,meat,1,Type_1,3,TOuPABJpH
9,seat,1,Type_1,3,TOuPABJpH
9,chat,1,Type_1,3,TOuPABJpH
9,shat,1,Type_1,3,TOuPABJpH
9,mat,1,Type_1,3,TOuPABJpH
9,mats,1,Type_1,3,TOuPABJpH
9,mesh,1,Type_1,3,TOuPABJpH
9,steam,1,Type_1,3,TOuPABJpH
9,seat,1,Type_0,3,c97gMUcQ6
9,set,1,Type_0,3,c97gMUcQ6
9,eat,1,Type_0,3,c97gMUcQ6
9,eats,1,Type_0,3,c97gMUcQ6
9,sat,1,Type_0,3,c97gMUcQ6
9,mat,1,Type_0,3,c97gMUcQ6
9,has,1,Type_0,3,c97gMUcQ6
9,mesh,1,Type_0,3,c97gMUcQ6
9,steam,1,Type_0,3,c97gMUcQ6
9,meat,1,Type_0,3,c97gMUcQ6
9,meat,1,Type_0,3,c97gMUcQ6
9,meats,1,Type_0,3,c97gMUcQ6
9,heat,1,Type_0,3,c97gMUcQ6
9,heats,1,Type_0,3,c97gMUcQ6
9,stem,1,Type_0,3,c97gMUcQ6
9,team,1,Type_0,3,c97gMUcQ6
9,teams,1,Type_0,3,c97gMUcQ6
9,chat,1,Type_0,3,c97gMUcQ6
9,cheat,1,Type_0,3,c97gMUcQ6
9,chats,1,Type_0,3,c97gMUcQ6
9,cheats,1,Type_0,3,c97gMUcQ6
9,teach,1,Type_0,3,c97gMUcQ6
9,tech,1,Type_0,3,c97gMUcQ6
9,cat,1,Type_0,3,c97gMUcQ6
9,cats,1,Type_0,3,c97gMUcQ6
9,mat,1,Type_0,3,c97gMUcQ6
9,mats,1,Type_0,3,c97gMUcQ6
9,ate,1,Type_0,3,c97gMUcQ6
9,ates,1,Type_0,3,c97gMUcQ6
9,east,1,Type_0,3,c97gMUcQ6
9,set,1,Type_0,3,c97gMUcQ6
9,met,1,Type_0,3,c97gMUcQ6
9,set,1,Type_0,3,c97gMUcQ6
9,cash,1,Type_0,3,c97gMUcQ6
9,sat,1,Type_0,3,c97gMUcQ6
9,mas,1,Type_0,3,c97gMUcQ6
9,teach,1,Type_0,3,c97gMUcQ6
9,she,1,Type_0,3,c97gMUcQ6
9,he,1,Type_0,3,c97gMUcQ6
9,hes,1,Type_0,3,c97gMUcQ6
9,seat,1,Type_0,3,c97gMUcQ6
9,tea,1,Type_0,3,c97gMUcQ6
9,teas,1,Type_0,3,c97gMUcQ6
9,shat,1,Type_0,3,c97gMUcQ6
9,ate,1,Type_0,3,c97gMUcQ6
9,sate,1,Type_0,3,c97gMUcQ6
9,at,1,Type_0,3,c97gMUcQ6
9,hes,1,Type_0,3,c97gMUcQ6
9,mesh,1,Type_0,3,c97gMUcQ6
9,mash,1,Type_0,3,c97gMUcQ6
9,cate,1,Type_0,3,c97gMUcQ6
9,cates,1,Type_0,3,c97gMUcQ6
11,has,1,Type_1,3,x1KRHt166
11,set,1,Type_1,3,x1KRHt166
11,sat,1,Type_1,3,x1KRHt166
11,hat,1,Type_1,3,x1KRHt166
11,hats,1,Type_1,3,x1KRHt166
11,cat,1,Type_1,3,x1KRHt166
11,cats,1,Type_1,3,x1KRHt166
11,mesh,1,Type_1,3,x1KRHt166
11,mash,1,Type_1,3,x1KRHt166
11,came,1,Type_1,3,x1KRHt166
11,cash,1,Type_1,3,x1KRHt166
11,ham,1,Type_1,3,x1KRHt166
11,hams,1,Type_1,3,x1KRHt166
11,hem,1,Type_1,3,x1KRHt166
11,hems,1,Type_1,3,x1KRHt166
11,scat,1,Type_1,3,x1KRHt166
11,scam,1,Type_1,3,x1KRHt166
11,case,1,Type_1,3,x1KRHt166
11,sea,1,Type_1,3,x1KRHt166
11,seam,1,Type_1,3,x1KRHt166
11,cam,1,Type_1,3,x1KRHt166
11,cast,1,Type_1,3,x1KRHt166
11,mesh,1,Type_1,3,x1KRHt166
11,mash,1,Type_1,3,x1KRHt166
11,as,1,Type_1,3,x1KRHt166
11,ace,1,Type_1,3,x1KRHt166
11,ache,1,Type_1,3,x1KRHt166
11,eat,1,Type_1,3,x1KRHt166
11,ate,1,Type_1,3,x1KRHt166
11,hate,1,Type_1,3,x1KRHt166
11,has,1,Type_1,3,x1KRHt166
11,hast,1,Type_1,3,x1KRHt166
11,haste,1,Type_1,3,x1KRHt166
11,heat,1,Type_1,3,x1KRHt166
11,tea,1,Type_1,3,x1KRHt166
11,hat,1,Type_1,3,x1KRHt166
11,the,1,Type_1,3,x1KRHt166
11,them,1,Type_1,3,x1KRHt166
11,tech,1,Type_1,3,x1KRHt166
11,mac,1,Type_1,3,x1KRHt166
11,macs,1,Type_1,3,x1KRHt166
11,met,1,Type_1,3,x1KRHt166
11,meth,1,Type_1,3,x1KRHt166
11,mesh,1,Type_1,3,x1KRHt166
11,mash,1,Type_1,3,x1KRHt166
11,set,1,Type_1,3,x1KRHt166
11,sat,1,Type_1,3,x1KRHt166
11,shat,1,Type_1,3,x1KRHt166
11,shame,1,Type_1,3,x1KRHt166
11,tame,1,Type_1,3,x1KRHt166
11,tames,1,Type_1,3,x1KRHt166
11,scam,1,Type_1,3,x1KRHt166
11,shame,1,Type_1,3,x1KRHt166
11,hem,1,Type_1,3,x1KRHt166
11,as,1,Type_1,3,x1KRHt166
11,at,1,Type_1,3,x1KRHt166
11,ace,1,Type_1,3,x1KRHt166
11,ate,1,Type_1,3,x1KRHt166
11,mat,1,Type_1,3,x1KRHt166
11,mats,1,Type_1,3,x1KRHt166
11,mate,1,Type_1,3,x1KRHt166
11,mates,1,Type_1,3,x1KRHt166
11,cate,1,Type_1,3,x1KRHt166
11,cash,1,Type_1,3,x1KRHt166
11,stem,1,Type_1,3,x1KRHt166
11,steam,1,Type_1,3,x1KRHt166
11,team,1,Type_1,3,x1KRHt166
11,teams,1,Type_1,3,x1KRHt166
8,met,1,Type_1,3,ylyjJTtUa
8,case,1,Type_1,3,ylyjJTtUa
8,hat,1,Type_1,3,ylyjJTtUa
8,hats,1,Type_1,3,ylyjJTtUa
8,hate,1,Type_1,3,ylyjJTtUa
8,same,1,Type_1,3,ylyjJTtUa
8,came,1,Type_1,3,ylyjJTtUa
8,set,1,Type_1,3,ylyjJTtUa
8,heat,1,Type_1,3,ylyjJTtUa
8,heats,1,Type_1,3,ylyjJTtUa
8,cat,1,Type_1,3,ylyjJTtUa
8,cats,1,Type_1,3,ylyjJTtUa
8,tea,1,Type_1,3,ylyjJTtUa
8,teas,1,Type_1,3,ylyjJTtUa
8,team,1,Type_1,3,ylyjJTtUa
8,teams,1,Type_1,3,ylyjJTtUa
8,meat,1,Type_1,3,ylyjJTtUa
8,meats,1,Type_1,3,ylyjJTtUa
8,mate,1,Type_1,3,ylyjJTtUa
8,mates,1,Type_1,3,ylyjJTtUa
8,teach,1,Type_1,3,ylyjJTtUa
8,same,1,Type_1,3,ylyjJTtUa
8,case,1,Type_1,3,ylyjJTtUa
8,chase,1,Type_1,3,ylyjJTtUa
8,mac,1,Type_1,3,ylyjJTtUa
8,maces,1,Type_1,3,ylyjJTtUa
8,mace,1,Type_1,3,ylyjJTtUa
8,hame,1,Type_1,3,ylyjJTtUa
8,scam,1,Type_1,3,ylyjJTtUa
8,tame,1,Type_1,3,ylyjJTtUa
8,tames,1,Type_1,3,ylyjJTtUa
8,them,1,Type_1,3,ylyjJTtUa
8,ace,1,Type_1,3,ylyjJTtUa
8,aces,1,Type_1,3,ylyjJTtUa
8,shame,1,Type_1,3,ylyjJTtUa
8,chat,1,Type_1,3,ylyjJTtUa
8,chats,1,Type_1,3,ylyjJTtUa
8,meta,1,Type_1,3,ylyjJTtUa
8,schema,1,Type_1,3,ylyjJTtUa
8,ate,1,Type_1,3,ylyjJTtUa
8,eat,1,Type_1,3,ylyjJTtUa
8,eats,1,Type_1,3,ylyjJTtUa
3,mash,1,Type_1,3,t7SNYioUo
3,mast,1,Type_1,3,t7SNYioUo
3,chase,1,Type_1,3,t7SNYioUo
3,mace,1,Type_1,3,t7SNYioUo
3,stem,1,Type_1,3,t7SNYioUo
3,steam,1,Type_1,3,t7SNYioUo
3,team,1,Type_1,3,t7SNYioUo
3,heat,1,Type_1,3,t7SNYioUo
3,seat,1,Type_1,3,t7SNYioUo
3,cat,1,Type_1,3,t7SNYioUo
3,case,1,Type_1,3,t7SNYioUo
3,cast,1,Type_1,3,t7SNYioUo
3,chase,1,Type_1,3,t7SNYioUo
3,match,1,Type_1,3,t7SNYioUo
3,chat,1,Type_1,3,t7SNYioUo
3,teams,1,Type_1,3,t7SNYioUo
3,them,1,Type_1,3,t7SNYioUo
3,cat,1,Type_1,3,t7SNYioUo
3,cats,1,Type_1,3,t7SNYioUo
3,mat,1,Type_1,3,t7SNYioUo
3,chest,1,Type_1,3,t7SNYioUo
3,schema,1,Type_1,3,t7SNYioUo
3,mate,1,Type_1,3,t7SNYioUo
3,tea,1,Type_1,3,t7SNYioUo
3,teams,1,Type_1,3,t7SNYioUo
3,tame,1,Type_1,3,t7SNYioUo
3,ace,1,Type_1,3,t7SNYioUo
3,the,1,Type_1,3,t7SNYioUo
3,them,1,Type_1,3,t7SNYioUo
3,he,1,Type_1,3,t7SNYioUo
3,she,1,Type_1,3,t7SNYioUo
3,mac,1,Type_1,3,t7SNYioUo
3,met,1,Type_1,3,t7SNYioUo
3,tam,1,Type_1,3,t7SNYioUo
5,tea,1,Type_1,3,GByx75rHq
5,teas,1,Type_1,3,GByx75rHq
5,mast,1,Type_1,3,GByx75rHq
5,set,1,Type_1,3,GByx75rHq
5,me,1,Type_1,3,GByx75rHq
5,met,1,Type_1,3,GByx75rHq
5,sat,1,Type_1,3,GByx75rHq
5,hat,1,Type_1,3,GByx75rHq
5,hats,1,Type_1,3,GByx75rHq
5,met,1,Type_1,3,GByx75rHq
5,she,1,Type_1,3,GByx75rHq
5,he,1,Type_1,3,GByx75rHq
5,hes,1,Type_1,3,GByx75rHq
5,cat,1,Type_1,3,GByx75rHq
5,cats,1,Type_1,3,GByx75rHq
5,cheat,1,Type_1,3,GByx75rHq
5,cheats,1,Type_1,3,GByx75rHq
5,chase,1,Type_1,3,GByx75rHq
5,sat,1,Type_1,3,GByx75rHq
5,hast,1,Type_1,3,GByx75rHq
5,teach,1,Type_1,3,GByx75rHq
5,chat,1,Type_1,3,GByx75rHq
5,chats,1,Type_1,3,GByx75rHq
5,mat,1,Type_1,3,GByx75rHq
5,mats,1,Type_1,3,GByx75rHq
5,shame,1,Type_1,3,GByx75rHq
5,same,1,Type_1,3,GByx75rHq
5,ace,1,Type_1,3,GByx75rHq
5,aces,1,Type_1,3,GByx75rHq
5,as,1,Type_1,3,GByx75rHq
5,ham,1,Type_1,3,GByx75rHq
5,hams,1,Type_1,3,GByx75rHq
5,heat,1,Type_1,3,GByx75rHq
5,heats,1,Type_1,3,GByx75rHq
5,tea,1,Type_1,3,GByx75rHq
5,seam,1,Type_1,3,GByx75rHq
5,seat,1,Type_1,3,GByx75rHq
5,case,1,Type_1,3,GByx75rHq
5,scat,1,Type_1,3,GByx75rHq
5,cam,1,Type_1,3,GByx75rHq
5,cams,1,Type_1,3,GByx75rHq
5,mate,1,Type_1,3,GByx75rHq
5,mates,1,Type_1,3,GByx75rHq
13,hat,1,Type_1,3,req8mooHO
13,hats,1,Type_1,3,req8mooHO
13,hem,1,Type_1,3,req8mooHO
13,hems,1,Type_1,3,req8mooHO
13,case,1,Type_1,3,req8mooHO
13,cam,1,Type_1,3,req8mooHO
13,came,1,Type_1,3,req8mooHO
13,sham,1,Type_1,3,req8mooHO
13,shame,1,Type_1,3,req8mooHO
13,tame,1,Type_1,3,req8mooHO
13,ham,1,Type_1,3,req8mooHO
13,hams,1,Type_1,3,req8mooHO
13,sat,1,Type_1,3,req8mooHO
13,cat,1,Type_1,3,req8mooHO
13,cats,1,Type_1,3,req8mooHO
13,cast,1,Type_1,3,req8mooHO
13,mate,1,Type_1,3,req8mooHO
13,mates,1,Type_1,3,req8mooHO
13,same,1,Type_1,3,req8mooHO
13,ace,1,Type_1,3,req8mooHO
13,aces,1,Type_1,3,req8mooHO
13,chat,1,Type_1,3,req8mooHO
13,chats,1,Type_1,3,req8mooHO
13,hat,1,Type_1,3,req8mooHO
13,hate,1,Type_1,3,req8mooHO
13,ate,1,Type_1,3,req8mooHO
13,eat,1,Type_1,3,req8mooHO
13,eats,1,Type_1,3,req8mooHO
13,seat,1,Type_1,3,req8mooHO
13,seam,1,Type_1,3,req8mooHO
13,same,1,Type_1,3,req8mooHO
13,heat,1,Type_1,3,req8mooHO
13,she,1,Type_1,3,req8mooHO
13,he,1,Type_1,3,req8mooHO
13,cash,1,Type_1,3,req8mooHO
13,tea,1,Type_1,3,req8mooHO
13,cast,1,Type_1,3,req8mooHO
13,me,1,Type_1,3,req8mooHO
13,meat,1,Type_1,3,req8mooHO
13,steam,1,Type_1,3,req8mooHO
13,team,1,Type_1,3,req8mooHO
13,teams,1,Type_1,3,req8mooHO
13,shat,1,Type_1,3,req8mooHO
13,chest,1,Type_1,3,req8mooHO
13,chaste,1,Type_1,3,req8mooHO
13,haste,1,Type_1,3,req8mooHO
13,mash,1,Type_1,3,req8mooHO
13,seat,1,Type_1,3,req8mooHO
7,chat,1,Type_1,3,sf66omHEV
7,chats,1,Type_1,3,sf66omHEV
7,cheat,1,Type_1,3,sf66omHEV
7,cheats,1,Type_1,3,sf66omHEV
7,mesh,1,Type_1,3,sf66omHEV
7,meat,1,Type_1,3,sf66omHEV
7,meats,1,Type_1,3,sf66omHEV
7,heats,1,Type_1,3,sf66omHEV
7,heat,1,Type_1,3,sf66omHEV
7,case,1,Type_1,3,sf66omHEV
7,mesh,1,Type_1,3,sf66omHEV
7,mash,1,Type_1,3,sf66omHEV
7,cat,1,Type_1,3,sf66omHEV
7,ace,1,Type_1,3,sf66omHEV
7,ash,1,Type_1,3,sf66omHEV
7,mat,1,Type_1,3,sf66omHEV
7,mate,1,Type_1,3,sf66omHEV
7,mates,1,Type_1,3,sf66omHEV
7,hate,1,Type_1,3,sf66omHEV
7,seat,1,Type_1,3,sf66omHEV
7,shame,1,Type_1,3,sf66omHEV
7,chat,1,Type_1,3,sf66omHEV
7,mast,1,Type_1,3,sf66omHEV
7,cat,1,Type_1,3,sf66omHEV
7,cats,1,Type_1,3,sf66omHEV
7,meta,1,Type_1,3,sf66omHEV
7,ash,1,Type_1,3,sf66omHEV
7,team,1,Type_1,3,sf66omHEV
7,scam,1,Type_1,3,sf66omHEV
7,ham,1,Type_1,3,sf66omHEV
7,hams,1,Type_1,3,sf66omHEV
7,met,1,Type_1,3,sf66omHEV
7,hats,1,Type_1,3,sf66omHEV
7,hat,1,Type_1,3,sf66omHEV
7,act,1,Type_1,3,sf66omHEV
7,acts,1,Type_1,3,sf66omHEV
7,sat,1,Type_1,3,sf66omHEV
7,same,1,Type_1,3,sf66omHEV
7,tame,1,Type_1,3,sf66omHEV
7,tames,1,Type_1,3,sf66omHEV
7,tace,1,Type_1,3,sf66omHEV
7,eat,1,Type_1,3,sf66omHEV
7,eats,1,Type_1,3,sf66omHEV
7,each,1,Type_1,3,sf66omHEV
7,case,1,Type_1,3,sf66omHEV
7,came,1,Type_1,3,sf66omHEV
7,them,1,Type_1,3,sf66omHEV
7,teach,1,Type_1,3,sf66omHEV
7,stem,1,Type_1,3,sf66omHEV
7,the,1,Type_1,3,sf66omHEV
7,shame,1,Type_1,3,sf66omHEV
7,cash,1,Type_1,3,sf66omHEV
7,eath,1,Type_1,3,sf66omHEV
10,team,1,Type_0,3,3oCPn2lZC
10,chat,1,Type_0,3,3oCPn2lZC
10,cheat,1,Type_0,3,3oCPn2lZC
10,shea,1,Type_0,3,3oCPn2lZC
10,hat,1,Type_0,3,3oCPn2lZC
10,hats,1,Type_0,3,3oCPn2lZC
10,haste,1,Type_0,3,3oCPn2lZC
10,ham,1,Type_0,3,3oCPn2lZC
10,mat,1,Type_0,3,3oCPn2lZC
10,mats,1,Type_0,3,3oCPn2lZC
10,chats,1,Type_0,3,3oCPn2lZC
10,teams,1,Type_0,3,3oCPn2lZC
10,eat,1,Type_0,3,3oCPn2lZC
10,meat,1,Type_0,3,3oCPn2lZC
10,heat,1,Type_0,3,3oCPn2lZC
10,heats,1,Type_0,3,3oCPn2lZC
10,hams,1,Type_0,3,3oCPn2lZC
10,mat,1,Type_0,3,3oCPn2lZC
10,mats,1,Type_0,3,3oCPn2lZC
10,steam,1,Type_0,3,3oCPn2lZC
10,cat,1,Type_0,3,3oCPn2lZC
10,cats,1,Type_0,3,3oCPn2lZC
10,sat,1,Type_0,3,3oCPn2lZC
10,same,1,Type_0,3,3oCPn2lZC
10,shame,1,Type_0,3,3oCPn2lZC
10,sat,1,Type_0,3,3oCPn2lZC
10,hats,1,Type_0,3,3oCPn2lZC
10,am,1,Type_0,3,3oCPn2lZC
10,ate,1,Type_0,3,3oCPn2lZC
10,haste,1,Type_0,3,3oCPn2lZC
10,ache,1,Type_0,3,3oCPn2lZC
10,the,1,Type_0,3,3oCPn2lZC
10,mat,1,Type_0,3,3oCPn2lZC
10,mash,1,Type_0,3,3oCPn2lZC
10,tech,1,Type_0,3,3oCPn2lZC
10,came,1,Type_0,3,3oCPn2lZC
10,cam,1,Type_0,3,3oCPn2lZC
10,cheats,1,Type_0,3,3oCPn2lZC
10,steam,1,Type_0,3,3oCPn2lZC
10,mast,1,Type_0,3,3oCPn2lZC
10,tame,1,Type_0,3,3oCPn2lZC
10,tames,1,Type_0,3,3oCPn2lZC
10,aches,1,Type_0,3,3oCPn2lZC
10,she,1,Type_0,3,3oCPn2lZC
10,he,1,Type_0,3,3oCPn2lZC
10,same,1,Type_0,3,3oCPn2lZC
10,cash,1,Type_0,3,3oCPn2lZC
10,has,1,Type_0,3,3oCPn2lZC
10,same,1,Type_0,3,3oCPn2lZC
2,cat,1,Type_0,3,TMo5J6rJu
2,cats,1,Type_0,3,TMo5J6rJu
2,chase,1,Type_0,3,TMo5J6rJu
2,cast,1,Type_0,3,TMo5J6rJu
2,chase,1,Type_0,3,TMo5J6rJu
2,shea,1,Type_0,3,TMo5J6rJu
2,mast,1,Type_0,3,TMo5J6rJu
2,case,1,Type_0,3,TMo5J6rJu
2,mash,1,Type_0,3,TMo5J6rJu
2,mast,1,Type_0,3,TMo5J6rJu
2,chest,1,Type_0,3,TMo5J6rJu
2,haste,1,Type_0,3,TMo5J6rJu
2,has,1,Type_0,3,TMo5J6rJu
2,sec,1,Type_0,3,TMo5J6rJu
2,haste,1,Type_0,3,TMo5J6rJu
2,cash,1,Type_0,3,TMo5J6rJu
2,shea,1,Type_0,3,TMo5J6rJu
2,she,1,Type_0,3,TMo5J6rJu
2,he,1,Type_0,3,TMo5J6rJu
2,hat,1,Type_0,3,TMo5J6rJu
2,hats,1,Type_0,3,TMo5J6rJu
2,cam,1,Type_0,3,TMo5J6rJu
2,cams,1,Type_0,3,TMo5J6rJu
2,ham,1,Type_0,3,TMo5J6rJu
2,hams,1,Type_0,3,TMo5J6rJu
2,shat,1,Type_0,3,TMo5J6rJu
2,set,1,Type_0,3,TMo5J6rJu
2,mat,1,Type_0,3,TMo5J6rJu
2,mats,1,Type_0,3,TMo5J6rJu
2,sac,1,Type_0,3,TMo5J6rJu
2,hem,1,Type_0,3,TMo5J6rJu
2,hes,1,Type_0,3,TMo5J6rJu
2,met,1,Type_0,3,TMo5J6rJu
2,the,1,Type_0,3,TMo5J6rJu
2,them,1,Type_0,3,TMo5J6rJu
2,chaste,1,Type_0,3,TMo5J6rJu
2,haste,1,Type_0,3,TMo5J6rJu
12,ash,1,Type_1,3,RfcvQNdXg
12,cash,1,Type_1,3,RfcvQNdXg
12,cast,1,Type_1,3,RfcvQNdXg
12,stem,1,Type_1,3,RfcvQNdXg
12,steam,1,Type_1,3,RfcvQNdXg
12,mast,1,Type_1,3,RfcvQNdXg
12,ham,1,Type_1,3,RfcvQNdXg
12,tam,1,Type_1,3,RfcvQNdXg
12,hem,1,Type_1,3,RfcvQNdXg
12,hems,1,Type_1,3,RfcvQNdXg
12,am,1,Type_1,3,RfcvQNdXg
12,mas,1,Type_1,3,RfcvQNdXg
12,she,1,Type_1,3,RfcvQNdXg
12,hat,1,Type_1,3,RfcvQNdXg
12,hats,1,Type_1,3,RfcvQNdXg
12,mat,1,Type_1,3,RfcvQNdXg
12,mats,1,Type_1,3,RfcvQNdXg
12,met,1,Type_1,3,RfcvQNdXg
12,meat,1,Type_1,3,RfcvQNdXg
12,meats,1,Type_1,3,RfcvQNdXg
12,seat,1,Type_1,3,RfcvQNdXg
12,eat,1,Type_1,3,RfcvQNdXg
12,eats,1,Type_1,3,RfcvQNdXg
12,east,1,Type_1,3,RfcvQNdXg
12,met,1,Type_1,3,RfcvQNdXg
12,has,1,Type_1,3,RfcvQNdXg
12,hast,1,Type_1,3,RfcvQNdXg
12,heat,1,Type_1,3,RfcvQNdXg
12,heats,1,Type_1,3,RfcvQNdXg
12,sat,1,Type_1,3,RfcvQNdXg
12,as,1,Type_1,3,RfcvQNdXg
12,same,1,Type_1,3,RfcvQNdXg
12,mesh,1,Type_1,3,RfcvQNdXg
12,mash,1,Type_1,3,RfcvQNdXg
12,at,1,Type_1,3,RfcvQNdXg
12,ate,1,Type_1,3,RfcvQNdXg
12,ates,1,Type_1,3,RfcvQNdXg
12,hae,1,Type_1,3,RfcvQNdXg
12,ma,1,Type_1,3,RfcvQNdXg
12,mae,1,Type_1,3,RfcvQNdXg
12,set,1,Type_1,3,RfcvQNdXg
12,sea,1,Type_1,3,RfcvQNdXg
12,east,1,Type_1,3,RfcvQNdXg
12,cam,1,Type_1,3,RfcvQNdXg
12,cat,1,Type_1,3,RfcvQNdXg
12,cats,1,Type_1,3,RfcvQNdXg
12,cams,1,Type_1,3,RfcvQNdXg
12,tas,1,Type_1,3,RfcvQNdXg
12,steam,1,Type_1,3,RfcvQNdXg
12,cham,1,Type_1,3,RfcvQNdXg
12,chasm,1,Type_1,3,RfcvQNdXg
12,tea,1,Type_1,3,RfcvQNdXg
12,teas,1,Type_1,3,RfcvQNdXg
12,heat,1,Type_1,3,RfcvQNdXg
12,heats,1,Type_1,3,RfcvQNdXg
12,chase,1,Type_1,3,RfcvQNdXg
12,hast,1,Type_1,3,RfcvQNdXg
12,chat,1,Type_1,3,RfcvQNdXg
12,chats,1,Type_1,3,RfcvQNdXg
12,seam,1,Type_1,3,RfcvQNdXg
12,sac,1,Type_1,3,RfcvQNdXg
12,sec,1,Type_1,3,RfcvQNdXg
12,case,1,Type_1,3,RfcvQNdXg
12,same,1,Type_1,3,RfcvQNdXg
12,hame,1,Type_1,3,RfcvQNdXg
12,em,1,Type_1,3,RfcvQNdXg
12,am,1,Type_1,3,RfcvQNdXg
12,tame,1,Type_1,3,RfcvQNdXg
12,scat,1,Type_1,3,RfcvQNdXg
12,scam,1,Type_1,3,RfcvQNdXg
12,met,1,Type_1,3,RfcvQNdXg
4,sham,1,Type_1,3,ZuC6duAFA
4,cast,1,Type_1,3,ZuC6duAFA
4,mash,1,Type_1,3,ZuC6duAFA
4,cash,1,Type_1,3,ZuC6duAFA
4,shame,1,Type_1,3,ZuC6duAFA
4,tame,1,Type_1,3,ZuC6duAFA
4,same,1,Type_1,3,ZuC6duAFA
4,hate,1,Type_1,3,ZuC6duAFA
4,mate,1,Type_1,3,ZuC6duAFA
4,mates,1,Type_1,3,ZuC6duAFA
4,hat,1,Type_1,3,ZuC6duAFA
4,hats,1,Type_1,3,ZuC6duAFA
4,cat,1,Type_1,3,ZuC6duAFA
4,cats,1,Type_1,3,ZuC6duAFA
4,same,1,Type_1,3,ZuC6duAFA
4,met,1,Type_1,3,ZuC6duAFA
4,sat,1,Type_1,3,ZuC6duAFA
4,stem,1,Type_1,3,ZuC6duAFA
4,came,1,Type_1,3,ZuC6duAFA
4,case,1,Type_1,3,ZuC6duAFA
4,shame,1,Type_1,3,ZuC6duAFA
4,hat,1,Type_1,3,ZuC6duAFA
4,hats,1,Type_1,3,ZuC6duAFA
4,chat,1,Type_1,3,ZuC6duAFA
4,chats,1,Type_1,3,ZuC6duAFA
4,sac,1,Type_1,3,ZuC6duAFA
4,east,1,Type_1,3,ZuC6duAFA
4,mac,1,Type_1,3,ZuC6duAFA
4,mesh,1,Type_1,3,ZuC6duAFA
6,team,1,Type_0,3,BgxfF433q
6,teams,1,Type_0,3,BgxfF433q
6,she,1,Type_0,3,BgxfF433q
6,he,1,Type_0,3,BgxfF433q
6,hes,1,Type_0,3,BgxfF433q
6,meat,1,Type_0,3,BgxfF433q
6,meats,1,Type_0,3,BgxfF433q
6,case,1,Type_0,3,BgxfF433q
6,chase,1,Type_0,3,BgxfF433q
6,ham,1,Type_0,3,BgxfF433q
6,shame,1,Type_0,3,BgxfF433q
6,stem,1,Type_0,3,BgxfF433q
6,mate,1,Type_0,3,BgxfF433q
6,mates,1,Type_0,3,BgxfF433q
6,cat,1,Type_0,3,BgxfF433q
6,cats,1,Type_0,3,BgxfF433q
6,same,1,Type_0,3,BgxfF433q
6,tame,1,Type_0,3,BgxfF433q
6,tames,1,Type_0,3,BgxfF433q
6,steam,1,Type_0,3,BgxfF433q
6,sea,1,Type_0,3,BgxfF433q
6,cheat,1,Type_0,3,BgxfF433q
6,cheats,1,Type_0,3,BgxfF433q
6,heat,1,Type_0,3,BgxfF433q
6,heats,1,Type_0,3,BgxfF433q
6,cash,1,Type_0,3,BgxfF433q
6,schema,1,Type_0,3,BgxfF433q
6,mash,1,Type_0,3,BgxfF433q
6,hem,1,Type_0,3,BgxfF433q
6,chat,1,Type_0,3,BgxfF433q
6,chats,1,Type_0,3,BgxfF433q
6,has,1,Type_0,3,BgxfF433q
6,set,1,Type_0,3,BgxfF433q
6,met,1,Type_0,3,BgxfF433q
6,es,1,Type_0,3,BgxfF433q
6,tame,1,Type_0,3,BgxfF433q
6,chats,1,Type_0,3,BgxfF433q
6,hat,1,Type_0,3,BgxfF433q
6,hats,1,Type_0,3,BgxfF433q
6,sat,1,Type_0,3,BgxfF433q
6,mash,1,Type_0,3,BgxfF433q
6,schema,1,Type_0,3,BgxfF433q
6,mate,1,Type_0,3,BgxfF433q
6,mates,1,Type_0,3,BgxfF433q
6,scat,1,Type_0,3,BgxfF433q
6,heat,1,Type_0,3,BgxfF433q
6,heats,1,Type_0,3,BgxfF433q
6,cam,1,Type_0,3,BgxfF433q
6,cash,1,Type_0,3,BgxfF433q
6,tame,1,Type_0,3,BgxfF433q
6,tames,1,Type_0,3,BgxfF433q
6,met,1,Type_0,3,BgxfF433q
12,meat,1,Type_1,3,hUuHG8IPG
12,meats,1,Type_1,3,hUuHG8IPG
12,heat,1,Type_1,3,hUuHG8IPG
12,heats,1,Type_1,3,hUuHG8IPG
12,team,1,Type_1,3,hUuHG8IPG
12,teams,1,Type_1,3,hUuHG8IPG
12,case,1,Type_1,3,hUuHG8IPG
12,sea,1,Type_1,3,hUuHG8IPG
12,stem,1,Type_1,3,hUuHG8IPG
12,sate,1,Type_1,3,hUuHG8IPG
12,hate,1,Type_1,3,hUuHG8IPG
12,mate,1,Type_1,3,hUuHG8IPG
12,mates,1,Type_1,3,hUuHG8IPG
12,cam,1,Type_1,3,hUuHG8IPG
12,as,1,Type_1,3,hUuHG8IPG
12,he,1,Type_1,3,hUuHG8IPG
12,hes,1,Type_1,3,hUuHG8IPG
12,she,1,Type_1,3,hUuHG8IPG
12,them,1,Type_1,3,hUuHG8IPG
12,cheat,1,Type_1,3,hUuHG8IPG
12,seat,1,Type_1,3,hUuHG8IPG
12,cat,1,Type_1,3,hUuHG8IPG
12,cats,1,Type_1,3,hUuHG8IPG
12,mats,1,Type_1,3,hUuHG8IPG
12,mat,1,Type_1,3,hUuHG8IPG
12,sat,1,Type_1,3,hUuHG8IPG
12,hat,1,Type_1,3,hUuHG8IPG
12,hats,1,Type_1,3,hUuHG8IPG
12,tame,1,Type_1,3,hUuHG8IPG
12,tames,1,Type_1,3,hUuHG8IPG
12,steam,1,Type_1,3,hUuHG8IPG
12,steam,1,Type_1,3,hUuHG8IPG
12,stem,1,Type_1,3,hUuHG8IPG
12,ace,1,Type_1,3,hUuHG8IPG
12,mace,1,Type_1,3,hUuHG8IPG
12,chase,1,Type_1,3,hUuHG8IPG
12,chat,1,Type_1,3,hUuHG8IPG
12,chats,1,Type_1,3,hUuHG8IPG
12,sham,1,Type_1,3,hUuHG8IPG
12,shame,1,Type_1,3,hUuHG8IPG
12,hae,1,Type_1,3,hUuHG8IPG
12,the,1,Type_1,3,hUuHG8IPG
12,cates,1,Type_1,3,hUuHG8IPG
12,same,1,Type_1,3,hUuHG8IPG
12,has,1,Type_1,3,hUuHG8IPG
12,ham,1,Type_1,3,hUuHG8IPG
12,sham,1,Type_1,3,hUuHG8IPG
6,meat,1,Type_1,3,M111a0ZQl
6,meats,1,Type_1,3,M111a0ZQl
6,steam,1,Type_1,3,M111a0ZQl
6,seam,1,Type_1,3,M111a0ZQl
6,heat,1,Type_1,3,M111a0ZQl
6,hate,1,Type_1,3,M111a0ZQl
6,mash,1,Type_1,3,M111a0ZQl
6,mate,1,Type_1,3,M111a0ZQl
6,mates,1,Type_1,3,M111a0ZQl
6,mat,1,Type_1,3,M111a0ZQl
6,mats,1,Type_1,3,M111a0ZQl
6,same,1,Type_1,3,M111a0ZQl
6,met,1,Type_1,3,M111a0ZQl
6,hat,1,Type_1,3,M111a0ZQl
6,hats,1,Type_1,3,M111a0ZQl
6,cam,1,Type_1,3,M111a0ZQl
6,cams,1,Type_1,3,M111a0ZQl
6,came,1,Type_1,3,M111a0ZQl
6,cat,1,Type_1,3,M111a0ZQl
6,cats,1,Type_1,3,M111a0ZQl
6,has,1,Type_1,3,M111a0ZQl
6,sat,1,Type_1,3,M111a0ZQl
6,seat,1,Type_1,3,M111a0ZQl
6,scam,1,Type_1,3,M111a0ZQl
6,set,1,Type_1,3,M111a0ZQl
6,cash,1,Type_1,3,M111a0ZQl
6,cast,1,Type_1,3,M111a0ZQl
6,sea,1,Type_1,3,M111a0ZQl
6,same,1,Type_1,3,M111a0ZQl
6,case,1,Type_1,3,M111a0ZQl
6,tech,1,Type_1,3,M111a0ZQl
6,tea,1,Type_1,3,M111a0ZQl
6,ate,1,Type_1,3,M111a0ZQl
6,tame,1,Type_1,3,M111a0ZQl
6,team,1,Type_1,3,M111a0ZQl
6,teams,1,Type_1,3,M111a0ZQl
6,chest,1,Type_1,3,M111a0ZQl
6,set,1,Type_1,3,M111a0ZQl
6,chase,1,Type_1,3,M111a0ZQl
6,shame,1,Type_1,3,M111a0ZQl
6,steam,1,Type_1,3,M111a0ZQl
6,cheat,1,Type_1,3,M111a0ZQl
6,cheats,1,Type_1,3,M111a0ZQl
6,she,1,Type_1,3,M111a0ZQl
6,cat,1,Type_1,3,M111a0ZQl
6,the,1,Type_1,3,M111a0ZQl
6,ham,1,Type_1,3,M111a0ZQl
6,hams,1,Type_1,3,M111a0ZQl
6,scam,1,Type_1,3,M111a0ZQl
6,same,1,Type_1,3,M111a0ZQl
2,team,1,Type_0,1,TG5a4vn3p
2,teach,1,Type_0,1,TG5a4vn3p
2,teas,1,Type_0,1,TG5a4vn3p
2,tech,1,Type_0,1,TG5a4vn3p
2,tam,1,Type_0,1,TG5a4vn3p
2,the,1,Type_0,1,TG5a4vn3p
2,tame,1,Type_0,1,TG5a4vn3p
2,eat,1,Type_0,1,TG5a4vn3p
2,east,1,Type_0,1,TG5a4vn3p
2,eats,1,Type_0,1,TG5a4vn3p
2,ace,1,Type_0,1,TG5a4vn3p
2,mesh,1,Type_0,1,TG5a4vn3p
2,met,1,Type_0,1,TG5a4vn3p
2,mate,1,Type_0,1,TG5a4vn3p
2,mates,1,Type_0,1,TG5a4vn3p
2,mash,1,Type_0,1,TG5a4vn3p
2,mac,1,Type_0,1,TG5a4vn3p
2,meta,1,Type_0,1,TG5a4vn3p
2,macs,1,Type_0,1,TG5a4vn3p
2,them,1,Type_0,1,TG5a4vn3p
2,mast,1,Type_0,1,TG5a4vn3p
2,match,1,Type_0,1,TG5a4vn3p
2,matches,1,Type_0,1,TG5a4vn3p
2,mace,1,Type_0,1,TG5a4vn3p
2,maces,1,Type_0,1,TG5a4vn3p
2,mat,1,Type_0,1,TG5a4vn3p
2,mats,1,Type_0,1,TG5a4vn3p
2,meth,1,Type_0,1,TG5a4vn3p
2,set,1,Type_0,1,TG5a4vn3p
2,sat,1,Type_0,1,TG5a4vn3p
2,stem,1,Type_0,1,TG5a4vn3p
2,same,1,Type_0,1,TG5a4vn3p
2,scam,1,Type_0,1,TG5a4vn3p
2,sea,1,Type_0,1,TG5a4vn3p
2,seam,1,Type_0,1,TG5a4vn3p
2,seat,1,Type_0,1,TG5a4vn3p
2,she,1,Type_0,1,TG5a4vn3p
2,he,1,Type_0,1,TG5a4vn3p
2,steam,1,Type_0,1,TG5a4vn3p
2,came,1,Type_0,1,TG5a4vn3p
2,ham,1,Type_0,1,TG5a4vn3p
2,hams,1,Type_0,1,TG5a4vn3p
2,has,1,Type_0,1,TG5a4vn3p
2,as,1,Type_0,1,TG5a4vn3p
2,hes,1,Type_0,1,TG5a4vn3p
2,hate,1,Type_0,1,TG5a4vn3p
2,hat,1,Type_0,1,TG5a4vn3p
2,hats,1,Type_0,1,TG5a4vn3p
2,hame,1,Type_0,1,TG5a4vn3p
2,cat,1,Type_0,1,TG5a4vn3p
2,cate,1,Type_0,1,TG5a4vn3p
2,cam,1,Type_0,1,TG5a4vn3p
2,cats,1,Type_0,1,TG5a4vn3p
2,cams,1,Type_0,1,TG5a4vn3p
2,case,1,Type_0,1,TG5a4vn3p
2,act,1,Type_0,1,TG5a4vn3p
2,acts,1,Type_0,1,TG5a4vn3p
2,ate,1,Type_0,1,TG5a4vn3p
2,aces,1,Type_0,1,TG5a4vn3p
8,chase,1,Type_1,1,9WK6OMS78
8,stem,1,Type_1,1,9WK6OMS78
8,met,1,Type_1,1,9WK6OMS78
8,same,1,Type_1,1,9WK6OMS78
8,hate,1,Type_1,1,9WK6OMS78
8,mate,1,Type_1,1,9WK6OMS78
8,ace,1,Type_1,1,9WK6OMS78
8,ache,1,Type_1,1,9WK6OMS78
8,them,1,Type_1,1,9WK6OMS78
8,mates,1,Type_1,1,9WK6OMS78
8,cat,1,Type_1,1,9WK6OMS78
8,cats,1,Type_1,1,9WK6OMS78
8,shat,1,Type_1,1,9WK6OMS78
8,mace,1,Type_1,1,9WK6OMS78
8,maces,1,Type_1,1,9WK6OMS78
8,sea,1,Type_1,1,9WK6OMS78
8,seam,1,Type_1,1,9WK6OMS78
8,meat,1,Type_1,1,9WK6OMS78
8,meats,1,Type_1,1,9WK6OMS78
8,teas,1,Type_1,1,9WK6OMS78
8,tea,1,Type_1,1,9WK6OMS78
8,tame,1,Type_1,1,9WK6OMS78
8,tames,1,Type_1,1,9WK6OMS78
8,meta,1,Type_1,1,9WK6OMS78
8,came,1,Type_1,1,9WK6OMS78
8,scam,1,Type_1,1,9WK6OMS78
8,hat,1,Type_1,1,9WK6OMS78
8,hats,1,Type_1,1,9WK6OMS78
8,mat,1,Type_1,1,9WK6OMS78
8,mats,1,Type_1,1,9WK6OMS78
8,sat,1,Type_1,1,9WK6OMS78
8,mesh,1,Type_1,1,9WK6OMS78
8,heat,1,Type_1,1,9WK6OMS78
8,heats,1,Type_1,1,9WK6OMS78
8,cheat,1,Type_1,1,9WK6OMS78
8,cheats,1,Type_1,1,9WK6OMS78
8,steam,1,Type_1,1,9WK6OMS78
8,case,1,Type_1,1,9WK6OMS78
8,ham,1,Type_1,1,9WK6OMS78
8,hams,1,Type_1,1,9WK6OMS78
8,mac,1,Type_1,1,9WK6OMS78
8,sect,1,Type_1,1,9WK6OMS78
8,team,1,Type_1,1,9WK6OMS78
8,teams,1,Type_1,1,9WK6OMS78
3,cam,1,Type_0,1,qCmb6XyBO
3,scam,1,Type_0,1,qCmb6XyBO
3,cat,1,Type_0,1,qCmb6XyBO
3,mat,1,Type_0,1,qCmb6XyBO
3,hat,1,Type_0,1,qCmb6XyBO
3,met,1,Type_0,1,qCmb6XyBO
3,set,1,Type_0,1,qCmb6XyBO
3,cats,1,Type_0,1,qCmb6XyBO
3,hats,1,Type_0,1,qCmb6XyBO
3,mats,1,Type_0,1,qCmb6XyBO
3,seat,1,Type_0,1,qCmb6XyBO
3,meat,1,Type_0,1,qCmb6XyBO
3,meats,1,Type_0,1,qCmb6XyBO
3,heat,1,Type_0,1,qCmb6XyBO
3,heats,1,Type_0,1,qCmb6XyBO
3,team,1,Type_0,1,qCmb6XyBO
3,teams,1,Type_0,1,qCmb6XyBO
3,tea,1,Type_0,1,qCmb6XyBO
3,teas,1,Type_0,1,qCmb6XyBO
3,stem,1,Type_0,1,qCmb6XyBO
3,mate,1,Type_0,1,qCmb6XyBO
3,mates,1,Type_0,1,qCmb6XyBO
3,came,1,Type_0,1,qCmb6XyBO
3,ace,1,Type_0,1,qCmb6XyBO
3,aces,1,Type_0,1,qCmb6XyBO
3,same,1,Type_0,1,qCmb6XyBO
3,tame,1,Type_0,1,qCmb6XyBO
3,tames,1,Type_0,1,qCmb6XyBO
3,shame,1,Type_0,1,qCmb6XyBO
3,ate,1,Type_0,1,qCmb6XyBO
3,me,1,Type_0,1,qCmb6XyBO
3,am,1,Type_0,1,qCmb6XyBO
3,at,1,Type_0,1,qCmb6XyBO
3,cash,1,Type_0,1,qCmb6XyBO
3,sea,1,Type_0,1,qCmb6XyBO
3,chat,1,Type_0,1,qCmb6XyBO
3,chats,1,Type_0,1,qCmb6XyBO
3,match,1,Type_0,1,qCmb6XyBO
3,teach,1,Type_0,1,qCmb6XyBO
5,team,1,Type_0,1,f78i5b8mR
5,teams,1,Type_0,1,f78i5b8mR
5,eh,1,Type_0,1,f78i5b8mR
5,each,1,Type_0,1,f78i5b8mR
5,eat,1,Type_0,1,f78i5b8mR
5,eats,1,Type_0,1,f78i5b8mR
5,meat,1,Type_0,1,f78i5b8mR
5,meats,1,Type_0,1,f78i5b8mR
5,met,1,Type_0,1,f78i5b8mR
5,set,1,Type_0,1,f78i5b8mR
5,seat,1,Type_0,1,f78i5b8mR
5,mash,1,Type_0,1,f78i5b8mR
5,mat,1,Type_0,1,f78i5b8mR
5,she,1,Type_0,1,f78i5b8mR
5,he,1,Type_0,1,f78i5b8mR
5,has,1,Type_0,1,f78i5b8mR
5,sea,1,Type_0,1,f78i5b8mR
5,seam,1,Type_0,1,f78i5b8mR
5,hat,1,Type_0,1,f78i5b8mR
5,heat,1,Type_0,1,f78i5b8mR
5,heats,1,Type_0,1,f78i5b8mR
5,cat,1,Type_0,1,f78i5b8mR
5,cats,1,Type_0,1,f78i5b8mR
5,cash,1,Type_0,1,f78i5b8mR
5,came,1,Type_0,1,f78i5b8mR
5,cast,1,Type_0,1,f78i5b8mR
5,chest,1,Type_0,1,f78i5b8mR
5,cheat,1,Type_0,1,f78i5b8mR
5,cheats,1,Type_0,1,f78i5b8mR
5,chat,1,Type_0,1,f78i5b8mR
5,chats,1,Type_0,1,f78i5b8mR
5,chase,1,Type_0,1,f78i5b8mR
5,as,1,Type_0,1,f78i5b8mR
5,at,1,Type_0,1,f78i5b8mR
5,am,1,Type_0,1,f78i5b8mR
5,ash,1,Type_0,1,f78i5b8mR
5,ate,1,Type_0,1,f78i5b8mR
5,shame,1,Type_0,1,f78i5b8mR
5,ham,1,Type_0,1,f78i5b8mR
5,hams,1,Type_0,1,f78i5b8mR
5,same,1,Type_0,1,f78i5b8mR
7,them,1,Type_1,1,P23HcAJhe
7,came,1,Type_1,1,P23HcAJhe
7,tame,1,Type_1,1,P23HcAJhe
7,cash,1,Type_1,1,P23HcAJhe
7,mash,1,Type_1,1,P23HcAJhe
7,heat,1,Type_1,1,P23HcAJhe
7,meat,1,Type_1,1,P23HcAJhe
7,seat,1,Type_1,1,P23HcAJhe
7,sat,1,Type_1,1,P23HcAJhe
7,mat,1,Type_1,1,P23HcAJhe
7,mats,1,Type_1,1,P23HcAJhe
7,meats,1,Type_1,1,P23HcAJhe
7,hat,1,Type_1,1,P23HcAJhe
7,hats,1,Type_1,1,P23HcAJhe
7,heats,1,Type_1,1,P23HcAJhe
7,set,1,Type_1,1,P23HcAJhe
7,as,1,Type_1,1,P23HcAJhe
7,cat,1,Type_1,1,P23HcAJhe
7,cats,1,Type_1,1,P23HcAJhe
7,tech,1,Type_1,1,P23HcAJhe
7,act,1,Type_1,1,P23HcAJhe
7,acts,1,Type_1,1,P23HcAJhe
7,eat,1,Type_1,1,P23HcAJhe
7,eats,1,Type_1,1,P23HcAJhe
7,each,1,Type_1,1,P23HcAJhe
7,same,1,Type_1,1,P23HcAJhe
7,has,1,Type_1,1,P23HcAJhe
7,stem,1,Type_1,1,P23HcAJhe
7,steam,1,Type_1,1,P23HcAJhe
7,hem,1,Type_1,1,P23HcAJhe
7,hems,1,Type_1,1,P23HcAJhe
7,chat,1,Type_1,1,P23HcAJhe
7,chats,1,Type_1,1,P23HcAJhe
7,chase,1,Type_1,1,P23HcAJhe
7,match,1,Type_1,1,P23HcAJhe
7,matches,1,Type_1,1,P23HcAJhe
7,shame,1,Type_1,1,P23HcAJhe
7,ham,1,Type_1,1,P23HcAJhe
7,cam,1,Type_1,1,P23HcAJhe
7,mate,1,Type_1,1,P23HcAJhe
7,ache,1,Type_1,1,P23HcAJhe
7,aches,1,Type_1,1,P23HcAJhe
5,the,1,Type_1,1,ga0V8wnaV
5,tea,1,Type_1,1,ga0V8wnaV
5,tame,1,Type_1,1,ga0V8wnaV
5,es,1,Type_1,1,ga0V8wnaV
5,eat,1,Type_1,1,ga0V8wnaV
5,ate,1,Type_1,1,ga0V8wnaV
5,eats,1,Type_1,1,ga0V8wnaV
5,east,1,Type_1,1,ga0V8wnaV
5,meat,1,Type_1,1,ga0V8wnaV
5,met,1,Type_1,1,ga0V8wnaV
5,mac,1,Type_1,1,ga0V8wnaV
5,mash,1,Type_1,1,ga0V8wnaV
5,mat,1,Type_1,1,ga0V8wnaV
5,mesh,1,Type_1,1,ga0V8wnaV
5,me,1,Type_1,1,ga0V8wnaV
5,set,1,Type_1,1,ga0V8wnaV
5,sat,1,Type_1,1,ga0V8wnaV
5,same,1,Type_1,1,ga0V8wnaV
5,she,1,Type_1,1,ga0V8wnaV
5,he,1,Type_1,1,ga0V8wnaV
5,sate,1,Type_1,1,ga0V8wnaV
5,hat,1,Type_1,1,ga0V8wnaV
5,hats,1,Type_1,1,ga0V8wnaV
5,mace,1,Type_1,1,ga0V8wnaV
5,has,1,Type_1,1,ga0V8wnaV
5,hate,1,Type_1,1,ga0V8wnaV
5,cat,1,Type_1,1,ga0V8wnaV
5,cats,1,Type_1,1,ga0V8wnaV
5,cash,1,Type_1,1,ga0V8wnaV
5,cast,1,Type_1,1,ga0V8wnaV
5,caste,1,Type_1,1,ga0V8wnaV
5,came,1,Type_1,1,ga0V8wnaV
5,at,1,Type_1,1,ga0V8wnaV
5,ace,1,Type_1,1,ga0V8wnaV
5,ash,1,Type_1,1,ga0V8wnaV
104,chat,1,Type_1,1,B2VGhAwDm
104,chase,1,Type_1,1,B2VGhAwDm
104,case,1,Type_1,1,B2VGhAwDm
104,cheat,1,Type_1,1,B2VGhAwDm
104,met,1,Type_1,1,B2VGhAwDm
104,meat,1,Type_1,1,B2VGhAwDm
104,stem,1,Type_1,1,B2VGhAwDm
104,sat,1,Type_1,1,B2VGhAwDm
104,set,1,Type_1,1,B2VGhAwDm
104,heat,1,Type_1,1,B2VGhAwDm
104,seat,1,Type_1,1,B2VGhAwDm
104,tea,1,Type_1,1,B2VGhAwDm
104,hat,1,Type_1,1,B2VGhAwDm
104,hats,1,Type_1,1,B2VGhAwDm
104,cat,1,Type_1,1,B2VGhAwDm
104,cats,1,Type_1,1,B2VGhAwDm
104,mat,1,Type_1,1,B2VGhAwDm
104,mats,1,Type_1,1,B2VGhAwDm
104,hate,1,Type_1,1,B2VGhAwDm
104,mate,1,Type_1,1,B2VGhAwDm
104,mates,1,Type_1,1,B2VGhAwDm
104,cast,1,Type_1,1,B2VGhAwDm
104,haste,1,Type_1,1,B2VGhAwDm
7,team,1,Type_1,1,r9DwHOJ4v
7,mesh,1,Type_1,1,r9DwHOJ4v
7,tame,1,Type_1,1,r9DwHOJ4v
7,chat,1,Type_1,1,r9DwHOJ4v
7,cat,1,Type_1,1,r9DwHOJ4v
7,shat,1,Type_1,1,r9DwHOJ4v
7,met,1,Type_1,1,r9DwHOJ4v
7,teach,1,Type_1,1,r9DwHOJ4v
7,ace,1,Type_1,1,r9DwHOJ4v
7,case,1,Type_1,1,r9DwHOJ4v
7,mate,1,Type_1,1,r9DwHOJ4v
7,hate,1,Type_1,1,r9DwHOJ4v
7,eat,1,Type_1,1,r9DwHOJ4v
7,tea,1,Type_1,1,r9DwHOJ4v
7,sea,1,Type_1,1,r9DwHOJ4v
7,chest,1,Type_1,1,r9DwHOJ4v
7,mash,1,Type_1,1,r9DwHOJ4v
7,cam,1,Type_1,1,r9DwHOJ4v
7,chaste,1,Type_1,1,r9DwHOJ4v
7,heat,1,Type_1,1,r9DwHOJ4v
7,cheat,1,Type_1,1,r9DwHOJ4v
7,chase,1,Type_1,1,r9DwHOJ4v
7,tace,1,Type_1,1,r9DwHOJ4v
7,shame,1,Type_1,1,r9DwHOJ4v
7,same,1,Type_1,1,r9DwHOJ4v
7,came,1,Type_1,1,r9DwHOJ4v
7,match,1,Type_1,1,r9DwHOJ4v
7,the,1,Type_1,1,r9DwHOJ4v
7,she,1,Type_1,1,r9DwHOJ4v
7,he,1,Type_1,1,r9DwHOJ4v
7,ham,1,Type_1,1,r9DwHOJ4v
7,set,1,Type_1,1,r9DwHOJ4v
7,mates,1,Type_1,1,r9DwHOJ4v
7,cats,1,Type_1,1,r9DwHOJ4v
7,hat,1,Type_1,1,r9DwHOJ4v
7,hats,1,Type_1,1,r9DwHOJ4v
7,mat,1,Type_1,1,r9DwHOJ4v
7,mats,1,Type_1,1,r9DwHOJ4v
7,cams,1,Type_1,1,r9DwHOJ4v
7,teams,1,Type_1,1,r9DwHOJ4v
7,tech,1,Type_1,1,N9XlemTL5
7,cat,1,Type_1,1,N9XlemTL5
7,cats,1,Type_1,1,N9XlemTL5
7,she,1,Type_1,1,N9XlemTL5
7,he,1,Type_1,1,N9XlemTL5
7,meat,1,Type_1,1,N9XlemTL5
7,tame,1,Type_1,1,N9XlemTL5
7,mash,1,Type_1,1,N9XlemTL5
7,hat,1,Type_1,1,N9XlemTL5
7,hats,1,Type_1,1,N9XlemTL5
7,ham,1,Type_1,1,N9XlemTL5
7,has,1,Type_1,1,N9XlemTL5
7,haste,1,Type_1,1,N9XlemTL5
7,act,1,Type_1,1,N9XlemTL5
7,acts,1,Type_1,1,N9XlemTL5
7,heat,1,Type_1,1,N9XlemTL5
7,shame,1,Type_1,1,N9XlemTL5
7,eat,1,Type_1,1,N9XlemTL5
7,eats,1,Type_1,1,N9XlemTL5
7,team,1,Type_1,1,N9XlemTL5
7,teams,1,Type_1,1,N9XlemTL5
7,tea,1,Type_1,1,N9XlemTL5
999992,set,1,Type_0,1,xVDLHgzUw
999992,cat,1,Type_0,1,xVDLHgzUw
999992,cats,1,Type_0,1,xVDLHgzUw
999992,ha,1,Type_0,1,xVDLHgzUw
999992,he,1,Type_0,1,xVDLHgzUw
999992,heat,1,Type_0,1,xVDLHgzUw
999992,meat,1,Type_0,1,xVDLHgzUw
999992,met,1,Type_0,1,xVDLHgzUw
999992,tame,1,Type_0,1,xVDLHgzUw
999992,tames,1,Type_0,1,xVDLHgzUw
999992,sat,1,Type_0,1,xVDLHgzUw
999992,hate,1,Type_0,1,xVDLHgzUw
999992,same,1,Type_0,1,xVDLHgzUw
999992,came,1,Type_0,1,xVDLHgzUw
999992,cate,1,Type_0,1,xVDLHgzUw
999992,case,1,Type_0,1,xVDLHgzUw
999992,mate,1,Type_0,1,xVDLHgzUw
999992,mates,1,Type_0,1,xVDLHgzUw
999992,sachet,1,Type_0,1,xVDLHgzUw
999992,match,1,Type_0,1,xVDLHgzUw
999992,tas,1,Type_0,1,xVDLHgzUw
999992,ash,1,Type_1,1,iEXKcHLGT
999992,team,1,Type_1,1,iEXKcHLGT
999992,teams,1,Type_1,1,iEXKcHLGT
999992,chase,1,Type_1,1,iEXKcHLGT
999992,mash,1,Type_1,1,iEXKcHLGT
999992,cat,1,Type_1,1,iEXKcHLGT
999992,cats,1,Type_1,1,iEXKcHLGT
999992,mesh,1,Type_1,1,iEXKcHLGT
999992,ate,1,Type_1,1,iEXKcHLGT
999992,ham,1,Type_1,1,iEXKcHLGT
999992,hams,1,Type_1,1,iEXKcHLGT
999992,same,1,Type_1,1,iEXKcHLGT
999992,sea,1,Type_1,1,iEXKcHLGT
999992,hate,1,Type_1,1,iEXKcHLGT
999992,steam,1,Type_1,1,iEXKcHLGT
1,sea,1,Type_1,1,2Y0el4yVq
1,team,1,Type_1,1,2Y0el4yVq
1,cat,1,Type_1,1,2Y0el4yVq
1,set,1,Type_1,1,2Y0el4yVq
1,cash,1,Type_1,1,2Y0el4yVq
1,teams,1,Type_1,1,2Y0el4yVq
1,hat,1,Type_1,1,2Y0el4yVq
1,hats,1,Type_1,1,2Y0el4yVq
1,ace,1,Type_1,1,2Y0el4yVq
1,aces,1,Type_1,1,2Y0el4yVq
1,met,1,Type_1,1,2Y0el4yVq
1,meat,1,Type_1,1,2Y0el4yVq
1,meats,1,Type_1,1,2Y0el4yVq
1,sec,1,Type_1,1,2Y0el4yVq
1,ham,1,Type_1,1,2Y0el4yVq
1,hams,1,Type_1,1,2Y0el4yVq
1,cam,1,Type_1,1,2Y0el4yVq
1,cams,1,Type_1,1,2Y0el4yVq
1,seat,1,Type_1,1,2Y0el4yVq
1,heat,1,Type_1,1,2Y0el4yVq
1,eat,1,Type_1,1,2Y0el4yVq
1,east,1,Type_1,1,2Y0el4yVq
1,heats,1,Type_1,1,2Y0el4yVq
1,sat,1,Type_1,1,2Y0el4yVq
1,hate,1,Type_1,1,2Y0el4yVq
1,case,1,Type_1,1,2Y0el4yVq
1,mac,1,Type_1,1,2Y0el4yVq
1,mace,1,Type_1,1,2Y0el4yVq
1,steam,1,Type_1,1,2Y0el4yVq
1,scam,1,Type_1,1,2Y0el4yVq
1,tech,1,Type_1,1,2Y0el4yVq
1,ate,1,Type_1,1,2Y0el4yVq
1,am,1,Type_1,1,2Y0el4yVq
1,as,1,Type_1,1,2Y0el4yVq
1,ash,1,Type_1,1,2Y0el4yVq
1,mash,1,Type_1,1,2Y0el4yVq
1,mate,1,Type_1,1,2Y0el4yVq
1,mat,1,Type_1,1,2Y0el4yVq
1,at,1,Type_1,1,2Y0el4yVq
1,match,1,Type_1,1,2Y0el4yVq
1,matches,1,Type_1,1,2Y0el4yVq
2222,scam,1,Type_0,1,0Zft13QsF
2222,ace,1,Type_0,1,0Zft13QsF
2222,team,1,Type_0,1,0Zft13QsF
2222,teams,1,Type_0,1,0Zft13QsF
2222,seam,1,Type_0,1,0Zft13QsF
2222,same,1,Type_0,1,0Zft13QsF
2222,me,1,Type_0,1,0Zft13QsF
2222,she,1,Type_0,1,0Zft13QsF
2222,he,1,Type_0,1,0Zft13QsF
2222,sham,1,Type_0,1,0Zft13QsF
2222,shame,1,Type_0,1,0Zft13QsF
2222,tame,1,Type_0,1,0Zft13QsF
2222,came,1,Type_0,1,0Zft13QsF
2222,ham,1,Type_0,1,0Zft13QsF
2222,meat,1,Type_0,1,0Zft13QsF
2222,mat,1,Type_0,1,0Zft13QsF
2222,mats,1,Type_0,1,0Zft13QsF
2222,meats,1,Type_0,1,0Zft13QsF
2222,met,1,Type_0,1,0Zft13QsF
2222,hat,1,Type_0,1,0Zft13QsF
2222,hats,1,Type_0,1,0Zft13QsF
2222,steam,1,Type_0,1,0Zft13QsF
2222,hate,1,Type_0,1,0Zft13QsF
2222,ate,1,Type_0,1,0Zft13QsF
2222,eat,1,Type_0,1,0Zft13QsF
2222,eats,1,Type_0,1,0Zft13QsF
2222,aces,1,Type_0,1,0Zft13QsF
2222,case,1,Type_0,1,0Zft13QsF
2222,haste,1,Type_0,1,0Zft13QsF
2222,cast,1,Type_0,1,0Zft13QsF
2222,caste,1,Type_0,1,0Zft13QsF
2222,mate,1,Type_0,1,0Zft13QsF
2222,mates,1,Type_0,1,0Zft13QsF
2222,sea,1,Type_0,1,0Zft13QsF
2222,seat,1,Type_0,1,0Zft13QsF
2222,heat,1,Type_0,1,0Zft13QsF
2222,heats,1,Type_0,1,0Zft13QsF
2222,cat,1,Type_0,1,0Zft13QsF
2222,cats,1,Type_0,1,0Zft13QsF
2222,mesh,1,Type_0,1,0Zft13QsF
2222,mash,1,Type_0,1,0Zft13QsF
2222,cash,1,Type_0,1,0Zft13QsF
2222,act,1,Type_0,1,0Zft13QsF
2222,acts,1,Type_0,1,0Zft13QsF
2222,tea,1,Type_0,1,0Zft13QsF
2222,chase,1,Type_0,1,0Zft13QsF
2222,hem,1,Type_0,1,0Zft13QsF
2222,hems,1,Type_0,1,0Zft13QsF
2222,chat,1,Type_0,1,0Zft13QsF
2222,chats,1,Type_0,1,0Zft13QsF
2222,cheat,1,Type_0,1,0Zft13QsF
2222,cheats,1,Type_0,1,0Zft13QsF
7777,met,1,Type_1,1,H31e76Sl4
7777,mate,1,Type_1,1,H31e76Sl4
7777,mates,1,Type_1,1,H31e76Sl4
7777,tame,1,Type_1,1,H31e76Sl4
7777,came,1,Type_1,1,H31e76Sl4
7777,act,1,Type_1,1,H31e76Sl4
7777,same,1,Type_1,1,H31e76Sl4
7777,cash,1,Type_1,1,H31e76Sl4
7777,hate,1,Type_1,1,H31e76Sl4
7777,ate,1,Type_1,1,H31e76Sl4
7777,shame,1,Type_1,1,H31e76Sl4
7777,meth,1,Type_1,1,H31e76Sl4
1,teach,1,Type_1,1,n3eqy99gW
1,sea,1,Type_1,1,n3eqy99gW
1,team,1,Type_1,1,n3eqy99gW
1,teams,1,Type_1,1,n3eqy99gW
1,case,1,Type_1,1,n3eqy99gW
1,meat,1,Type_1,1,n3eqy99gW
1,meats,1,Type_1,1,n3eqy99gW
1,heat,1,Type_1,1,n3eqy99gW
1,heats,1,Type_1,1,n3eqy99gW
1,mace,1,Type_1,1,n3eqy99gW
1,chase,1,Type_1,1,n3eqy99gW
1,seam,1,Type_1,1,n3eqy99gW
1,seat,1,Type_1,1,n3eqy99gW
1,steam,1,Type_1,1,n3eqy99gW
1,eat,1,Type_1,1,n3eqy99gW
1,eats,1,Type_1,1,n3eqy99gW
1,ace,1,Type_1,1,n3eqy99gW
1,aces,1,Type_1,1,n3eqy99gW
1,hae,1,Type_1,1,n3eqy99gW
1,stem,1,Type_1,1,n3eqy99gW
1,caste,1,Type_1,1,n3eqy99gW
1,mesh,1,Type_1,1,n3eqy99gW
1,sham,1,Type_1,1,n3eqy99gW
1,cat,1,Type_1,1,n3eqy99gW
1,cats,1,Type_1,1,n3eqy99gW
1,haste,1,Type_1,1,n3eqy99gW
1,shat,1,Type_1,1,n3eqy99gW
1,hat,1,Type_1,1,n3eqy99gW
1,hats,1,Type_1,1,n3eqy99gW
1,sat,1,Type_1,1,n3eqy99gW
1,the,1,Type_1,1,n3eqy99gW
1,tea,1,Type_1,1,n3eqy99gW
1,teas,1,Type_1,1,n3eqy99gW
1,met,1,Type_1,1,n3eqy99gW
1,them,1,Type_1,1,n3eqy99gW
1,meta,1,Type_1,1,n3eqy99gW
1,hate,1,Type_1,1,n3eqy99gW
1,mash,1,Type_1,1,n3eqy99gW
1,same,1,Type_1,1,n3eqy99gW
1337,stem,1,Type_1,1,SCekAduEx
1337,meth,1,Type_1,1,SCekAduEx
1337,cast,1,Type_1,1,SCekAduEx
1337,sat,1,Type_1,1,SCekAduEx
1337,cat,1,Type_1,1,SCekAduEx
1337,mat,1,Type_1,1,SCekAduEx
1337,math,1,Type_1,1,SCekAduEx
1337,mast,1,Type_1,1,SCekAduEx
1337,cam,1,Type_1,1,SCekAduEx
1337,came,1,Type_1,1,SCekAduEx
1337,tame,1,Type_1,1,SCekAduEx
1,sea,1,Type_1,1,BdVGDhZaN
1,case,1,Type_1,1,BdVGDhZaN
1,chase,1,Type_1,1,BdVGDhZaN
1,tace,1,Type_1,1,BdVGDhZaN
1,tea,1,Type_1,1,BdVGDhZaN
1,same,1,Type_1,1,BdVGDhZaN
1,shame,1,Type_1,1,BdVGDhZaN
1,came,1,Type_1,1,BdVGDhZaN
1,them,1,Type_1,1,BdVGDhZaN
1,she,1,Type_1,1,BdVGDhZaN
1,he,1,Type_1,1,BdVGDhZaN
1,ace,1,Type_1,1,BdVGDhZaN
1,aces,1,Type_1,1,BdVGDhZaN
1,team,1,Type_1,1,BdVGDhZaN
1,stem,1,Type_1,1,BdVGDhZaN
1,hem,1,Type_1,1,BdVGDhZaN
1,me,1,Type_1,1,BdVGDhZaN
1,am,1,Type_1,1,BdVGDhZaN
1,seam,1,Type_1,1,BdVGDhZaN
1,heat,1,Type_1,1,BdVGDhZaN
1,meat,1,Type_1,1,BdVGDhZaN
1,sham,1,Type_1,1,BdVGDhZaN
1,hate,1,Type_1,1,BdVGDhZaN
1,ate,1,Type_1,1,BdVGDhZaN
1,mate,1,Type_1,1,BdVGDhZaN
1,mates,1,Type_1,1,BdVGDhZaN
1,eat,1,Type_1,1,BdVGDhZaN
1,eats,1,Type_1,1,BdVGDhZaN
1,cat,1,Type_1,1,BdVGDhZaN
1,cats,1,Type_1,1,BdVGDhZaN
1,shat,1,Type_1,1,BdVGDhZaN
1,mas,1,Type_1,1,BdVGDhZaN
1,at,1,Type_1,1,BdVGDhZaN
1,as,1,Type_1,1,BdVGDhZaN
1,mace,1,Type_1,1,BdVGDhZaN
1,haste,1,Type_1,1,BdVGDhZaN
1,met,1,Type_1,1,BdVGDhZaN
1,steam,1,Type_1,1,BdVGDhZaN
1,tame,1,Type_1,1,BdVGDhZaN
3456,team,1,Type_1,1,kH6LD1pBN
3456,teams,1,Type_1,1,kH6LD1pBN
3456,tea,1,Type_1,1,kH6LD1pBN
3456,teas,1,Type_1,1,kH6LD1pBN
3456,mesh,1,Type_1,1,kH6LD1pBN
3456,mate,1,Type_1,1,kH6LD1pBN
3456,mates,1,Type_1,1,kH6LD1pBN
3456,me,1,Type_1,1,kH6LD1pBN
3456,he,1,Type_1,1,kH6LD1pBN
3456,cash,1,Type_1,1,kH6LD1pBN
3456,cat,1,Type_1,1,kH6LD1pBN
3456,cats,1,Type_1,1,kH6LD1pBN
3456,met,1,Type_1,1,kH6LD1pBN
3456,meat,1,Type_1,1,kH6LD1pBN
3456,eat,1,Type_1,1,kH6LD1pBN
3456,meats,1,Type_1,1,kH6LD1pBN
3456,eats,1,Type_1,1,kH6LD1pBN
3456,steam,1,Type_1,1,kH6LD1pBN
3456,ash,1,Type_1,1,kH6LD1pBN
3456,sea,1,Type_1,1,kH6LD1pBN
3456,seat,1,Type_1,1,kH6LD1pBN
3456,heat,1,Type_1,1,kH6LD1pBN
3456,heats,1,Type_1,1,kH6LD1pBN
3456,seam,1,Type_1,1,kH6LD1pBN
3456,tame,1,Type_1,1,kH6LD1pBN
3456,tames,1,Type_1,1,kH6LD1pBN
3456,hem,1,Type_1,1,kH6LD1pBN
3456,hems,1,Type_1,1,kH6LD1pBN
3456,ham,1,Type_1,1,kH6LD1pBN
3456,hams,1,Type_1,1,kH6LD1pBN
3456,came,1,Type_1,1,kH6LD1pBN
3456,same,1,Type_1,1,kH6LD1pBN
3456,meta,1,Type_1,1,kH6LD1pBN
3456,hate,1,Type_1,1,kH6LD1pBN
3456,stem,1,Type_1,1,kH6LD1pBN
3456,mash,1,Type_1,1,kH6LD1pBN
3456,sat,1,Type_1,1,kH6LD1pBN
3456,hat,1,Type_1,1,kH6LD1pBN
3456,hats,1,Type_1,1,kH6LD1pBN
3456,case,1,Type_1,1,kH6LD1pBN
7,team,1,Type_1,1,2jLd1LMv7
7,cash,1,Type_1,1,2jLd1LMv7
7,cat,1,Type_1,1,2jLd1LMv7
7,hat,1,Type_1,1,2jLd1LMv7
7,mat,1,Type_1,1,2jLd1LMv7
7,sat,1,Type_1,1,2jLd1LMv7
7,sate,1,Type_1,1,2jLd1LMv7
7,hate,1,Type_1,1,2jLd1LMv7
7,the,1,Type_1,1,2jLd1LMv7
7,met,1,Type_1,1,2jLd1LMv7
7,chase,1,Type_1,1,2jLd1LMv7
7,ace,1,Type_1,1,2jLd1LMv7
7,mate,1,Type_1,1,2jLd1LMv7
3456,shame,1,Type_1,1,L74Vh3rNi
3456,tame,1,Type_1,1,L74Vh3rNi
3456,mesh,1,Type_1,1,L74Vh3rNi
3456,cash,1,Type_1,1,L74Vh3rNi
3456,haste,1,Type_1,1,L74Vh3rNi
3456,tea,1,Type_1,1,L74Vh3rNi
3456,teas,1,Type_1,1,L74Vh3rNi
3456,hat,1,Type_1,1,L74Vh3rNi
3456,hats,1,Type_1,1,L74Vh3rNi
3456,shat,1,Type_1,1,L74Vh3rNi
3456,met,1,Type_1,1,L74Vh3rNi
3456,mash,1,Type_1,1,L74Vh3rNi
3456,cat,1,Type_1,1,L74Vh3rNi
3456,cats,1,Type_1,1,L74Vh3rNi
3456,chat,1,Type_1,1,L74Vh3rNi
3456,chats,1,Type_1,1,L74Vh3rNi
3456,scat,1,Type_1,1,L74Vh3rNi
3456,meat,1,Type_1,1,L74Vh3rNi
3456,meats,1,Type_1,1,L74Vh3rNi
3456,sea,1,Type_1,1,L74Vh3rNi
3456,seat,1,Type_1,1,L74Vh3rNi
3456,seam,1,Type_1,1,L74Vh3rNi
3456,sat,1,Type_1,1,L74Vh3rNi
3456,set,1,Type_1,1,L74Vh3rNi
3456,team,1,Type_1,1,L74Vh3rNi
3456,teams,1,Type_1,1,L74Vh3rNi
3456,same,1,Type_1,1,L74Vh3rNi
3456,tames,1,Type_1,1,L74Vh3rNi
3456,hets,1,Type_1,1,L74Vh3rNi
3456,heat,1,Type_1,1,L74Vh3rNi
3456,heats,1,Type_1,1,L74Vh3rNi
3456,case,1,Type_1,1,L74Vh3rNi
3456,cast,1,Type_1,1,L74Vh3rNi
3456,mast,1,Type_1,1,L74Vh3rNi
3456,chaste,1,Type_1,1,L74Vh3rNi
3456,cam,1,Type_1,1,L74Vh3rNi
3456,cams,1,Type_1,1,L74Vh3rNi
3456,the,1,Type_1,1,L74Vh3rNi
3456,them,1,Type_1,1,L74Vh3rNi
3456,came,1,Type_1,1,L74Vh3rNi
3456,chase,1,Type_1,1,L74Vh3rNi
3456,stem,1,Type_1,1,L74Vh3rNi
3456,mate,1,Type_1,1,L74Vh3rNi
3456,mates,1,Type_1,1,L74Vh3rNi
3456,hate,1,Type_1,1,L74Vh3rNi
3456,ate,1,Type_1,1,L74Vh3rNi
3456,eat,1,Type_1,1,L74Vh3rNi
3456,eats,1,Type_1,1,L74Vh3rNi
3456,ham,1,Type_1,1,L74Vh3rNi
3456,hams,1,Type_1,1,L74Vh3rNi
3456,hames,1,Type_1,1,L74Vh3rNi
3456,he,1,Type_1,1,L74Vh3rNi
3456,has,1,Type_1,1,L74Vh3rNi
3456,ha,1,Type_1,1,L74Vh3rNi
3456,sect,1,Type_1,1,L74Vh3rNi
3456,sac,1,Type_1,1,L74Vh3rNi
3456,ace,1,Type_1,1,L74Vh3rNi
3456,aces,1,Type_1,1,L74Vh3rNi
1,teams,1,Type_1,1,lLq4FpFkm
1,team,1,Type_1,1,lLq4FpFkm
1,chase,1,Type_1,1,lLq4FpFkm
1,cheat,1,Type_1,1,lLq4FpFkm
1,steam,1,Type_1,1,lLq4FpFkm
1,meat,1,Type_1,1,lLq4FpFkm
1,cam,1,Type_1,1,lLq4FpFkm
1,cams,1,Type_1,1,lLq4FpFkm
1,ate,1,Type_1,1,lLq4FpFkm
1,case,1,Type_1,1,lLq4FpFkm
1,hem,1,Type_1,1,lLq4FpFkm
1,shat,1,Type_1,1,lLq4FpFkm
1,scam,1,Type_1,1,lLq4FpFkm
1,stem,1,Type_1,1,lLq4FpFkm
1,cat,1,Type_1,1,lLq4FpFkm
1,cast,1,Type_1,1,lLq4FpFkm
1,ace,1,Type_1,1,lLq4FpFkm
1,aces,1,Type_1,1,lLq4FpFkm
1,seam,1,Type_1,1,lLq4FpFkm
1,cats,1,Type_1,1,lLq4FpFkm
1,sat,1,Type_1,1,lLq4FpFkm
1,haste,1,Type_1,1,lLq4FpFkm
1,heat,1,Type_1,1,lLq4FpFkm
1,heats,1,Type_1,1,lLq4FpFkm
1,sham,1,Type_1,1,lLq4FpFkm
1,shame,1,Type_1,1,lLq4FpFkm
1,sea,1,Type_1,1,lLq4FpFkm
1,seat,1,Type_1,1,lLq4FpFkm
1,same,1,Type_1,1,lLq4FpFkm
1,ache,1,Type_1,1,lLq4FpFkm
1,aches,1,Type_1,1,lLq4FpFkm
1,tea,1,Type_1,1,lLq4FpFkm
1,tame,1,Type_1,1,lLq4FpFkm
1,tas,1,Type_1,1,lLq4FpFkm
1,hat,1,Type_1,1,lLq4FpFkm
7,chase,1,Type_1,1,0OejK6YU5
7,shat,1,Type_1,1,0OejK6YU5
7,same,1,Type_1,1,0OejK6YU5
7,seat,1,Type_1,1,0OejK6YU5
7,heat,1,Type_1,1,0OejK6YU5
7,has,1,Type_1,1,0OejK6YU5
7,ash,1,Type_1,1,0OejK6YU5
7,mash,1,Type_1,1,0OejK6YU5
7,mate,1,Type_1,1,0OejK6YU5
7,stem,1,Type_1,1,0OejK6YU5
7,sat,1,Type_1,1,0OejK6YU5
7,case,1,Type_1,1,0OejK6YU5
7,cash,1,Type_1,1,0OejK6YU5
7,came,1,Type_1,1,0OejK6YU5
7,tame,1,Type_1,1,0OejK6YU5
7,ace,1,Type_1,1,0OejK6YU5
7,mace,1,Type_1,1,0OejK6YU5
7,he,1,Type_1,1,0OejK6YU5
7,she,1,Type_1,1,0OejK6YU5
7,shame,1,Type_1,1,0OejK6YU5
7,steam,1,Type_1,1,0OejK6YU5
234,cash,1,Type_1,1,cSglstp8y
234,meth,1,Type_1,1,cSglstp8y
234,shame,1,Type_1,1,cSglstp8y
234,mate,1,Type_1,1,cSglstp8y
234,hate,1,Type_1,1,cSglstp8y
234,mats,1,Type_1,1,cSglstp8y
234,mates,1,Type_1,1,cSglstp8y
234,shat,1,Type_1,1,cSglstp8y
234,the,1,Type_1,1,cSglstp8y
234,hat,1,Type_1,1,cSglstp8y
234,hats,1,Type_1,1,cSglstp8y
234,math,1,Type_1,1,cSglstp8y
234,maths,1,Type_1,1,cSglstp8y
234,cat,1,Type_1,1,cSglstp8y
234,cats,1,Type_1,1,cSglstp8y
234,mash,1,Type_1,1,cSglstp8y
234,tech,1,Type_1,1,cSglstp8y
234,cam,1,Type_1,1,cSglstp8y
234,cams,1,Type_1,1,cSglstp8y
234,sham,1,Type_1,1,cSglstp8y
2222,tea,1,Type_1,1,K56cni2Qy
2222,team,1,Type_1,1,K56cni2Qy
2222,steam,1,Type_1,1,K56cni2Qy
2222,teas,1,Type_1,1,K56cni2Qy
2222,meat,1,Type_1,1,K56cni2Qy
2222,meats,1,Type_1,1,K56cni2Qy
2222,stem,1,Type_1,1,K56cni2Qy
2222,met,1,Type_1,1,K56cni2Qy
2222,has,1,Type_1,1,K56cni2Qy
2222,heat,1,Type_1,1,K56cni2Qy
2222,sea,1,Type_1,1,K56cni2Qy
2222,same,1,Type_1,1,K56cni2Qy
2222,tams,1,Type_1,1,K56cni2Qy
2222,tame,1,Type_1,1,K56cni2Qy
2222,tames,1,Type_1,1,K56cni2Qy
2222,haste,1,Type_1,1,K56cni2Qy
2222,case,1,Type_1,1,K56cni2Qy
2222,cast,1,Type_1,1,K56cni2Qy
2222,caste,1,Type_1,1,K56cni2Qy
2222,scam,1,Type_1,1,K56cni2Qy
2222,scat,1,Type_1,1,K56cni2Qy
2222,hem,1,Type_1,1,K56cni2Qy
2222,hems,1,Type_1,1,K56cni2Qy
2222,cam,1,Type_1,1,K56cni2Qy
2222,came,1,Type_1,1,K56cni2Qy
2222,cat,1,Type_1,1,K56cni2Qy
2222,cats,1,Type_1,1,K56cni2Qy
2222,cates,1,Type_1,1,K56cni2Qy
2222,cate,1,Type_1,1,K56cni2Qy
2222,shat,1,Type_1,1,K56cni2Qy
2222,cash,1,Type_1,1,K56cni2Qy
2222,ate,1,Type_1,1,K56cni2Qy
2222,mat,1,Type_1,1,K56cni2Qy
2222,mats,1,Type_1,1,K56cni2Qy
2222,sat,1,Type_1,1,K56cni2Qy
2222,at,1,Type_1,1,K56cni2Qy
2222,ace,1,Type_1,1,K56cni2Qy
2222,aces,1,Type_1,1,K56cni2Qy
2222,mace,1,Type_1,1,K56cni2Qy
2222,maces,1,Type_1,1,K56cni2Qy
2222,ham,1,Type_1,1,K56cni2Qy
2222,hams,1,Type_1,1,K56cni2Qy
2222,shea,1,Type_1,1,K56cni2Qy
2222,hes,1,Type_1,1,K56cni2Qy
2222,mast,1,Type_1,1,K56cni2Qy
2222,hast,1,Type_1,1,K56cni2Qy
2222,mate,1,Type_1,1,K56cni2Qy
2222,mates,1,Type_1,1,K56cni2Qy
2222,hate,1,Type_1,1,K56cni2Qy
234,mate,1,Type_1,1,LYNLIZcfa
234,mates,1,Type_1,1,LYNLIZcfa
234,hate,1,Type_1,1,LYNLIZcfa
234,cam,1,Type_1,1,LYNLIZcfa
234,came,1,Type_1,1,LYNLIZcfa
234,heat,1,Type_1,1,LYNLIZcfa
234,heats,1,Type_1,1,LYNLIZcfa
234,seat,1,Type_1,1,LYNLIZcfa
234,set,1,Type_1,1,LYNLIZcfa
234,tame,1,Type_1,1,LYNLIZcfa
234,tames,1,Type_1,1,LYNLIZcfa
234,meat,1,Type_1,1,LYNLIZcfa
234,meats,1,Type_1,1,LYNLIZcfa
234,seam,1,Type_1,1,LYNLIZcfa
234,team,1,Type_1,1,LYNLIZcfa
234,teams,1,Type_1,1,LYNLIZcfa
234,case,1,Type_1,1,LYNLIZcfa
234,cast,1,Type_1,1,LYNLIZcfa
234,met,1,Type_1,1,LYNLIZcfa
234,haste,1,Type_1,1,LYNLIZcfa
234,hest,1,Type_1,1,LYNLIZcfa
NA,team,1,Type_1,1,wfwsjQuh9
NA,teams,1,Type_1,1,wfwsjQuh9
NA,cams,1,Type_1,1,wfwsjQuh9
NA,cam,1,Type_1,1,wfwsjQuh9
NA,tame,1,Type_1,1,wfwsjQuh9
NA,tames,1,Type_1,1,wfwsjQuh9
NA,hate,1,Type_1,1,wfwsjQuh9
NA,mate,1,Type_1,1,wfwsjQuh9
NA,sat,1,Type_1,1,wfwsjQuh9
NA,sate,1,Type_1,1,wfwsjQuh9
NA,cate,1,Type_1,1,wfwsjQuh9
NA,came,1,Type_1,1,wfwsjQuh9
NA,cames,1,Type_1,1,wfwsjQuh9
NA,cat,1,Type_1,1,wfwsjQuh9
NA,hat,1,Type_1,1,wfwsjQuh9
NA,mat,1,Type_1,1,wfwsjQuh9
NA,chat,1,Type_1,1,wfwsjQuh9
NA,tech,1,Type_1,1,wfwsjQuh9
NA,techs,1,Type_1,1,wfwsjQuh9
NA,tea,1,Type_1,1,wfwsjQuh9
NA,teas,1,Type_1,1,wfwsjQuh9
NA,she,1,Type_1,1,wfwsjQuh9
NA,he,1,Type_1,1,wfwsjQuh9
NA,hest,1,Type_1,1,wfwsjQuh9
NA,met,1,Type_1,1,wfwsjQuh9
NA,heat,1,Type_1,1,wfwsjQuh9
NA,hats,1,Type_1,1,wfwsjQuh9
NA,heats,1,Type_1,1,wfwsjQuh9
NA,meat,1,Type_1,1,wfwsjQuh9
NA,meats,1,Type_1,1,wfwsjQuh9
NA,ate,1,Type_1,1,wfwsjQuh9
NA,ates,1,Type_1,1,wfwsjQuh9
NA,mates,1,Type_1,1,wfwsjQuh9
NA,ache,1,Type_1,1,wfwsjQuh9
NA,shame,1,Type_1,1,wfwsjQuh9
NA,chats,1,Type_1,1,wfwsjQuh9
NA,ham,1,Type_1,1,wfwsjQuh9
NA,hams,1,Type_1,1,wfwsjQuh9
NA,scam,1,Type_1,1,wfwsjQuh9
NA,mac,1,Type_1,1,wfwsjQuh9
NA,eat,1,Type_1,1,wfwsjQuh9
NA,eats,1,Type_1,1,wfwsjQuh9
NA,mash,1,Type_1,1,wfwsjQuh9
NA,them,1,Type_1,1,wfwsjQuh9
NA,chase,1,Type_1,1,wfwsjQuh9
NA,ace,1,Type_1,1,wfwsjQuh9
NA,aces,1,Type_1,1,wfwsjQuh9
104,cat,1,Type_1,1,6faZqFCbq
104,cats,1,Type_1,1,6faZqFCbq
104,sat,1,Type_1,1,6faZqFCbq
104,chase,1,Type_1,1,6faZqFCbq
104,case,1,Type_1,1,6faZqFCbq
104,ace,1,Type_1,1,6faZqFCbq
104,aces,1,Type_1,1,6faZqFCbq
104,cast,1,Type_1,1,6faZqFCbq
104,hat,1,Type_1,1,6faZqFCbq
104,hats,1,Type_1,1,6faZqFCbq
104,met,1,Type_1,1,6faZqFCbq
104,heat,1,Type_1,1,6faZqFCbq
104,heats,1,Type_1,1,6faZqFCbq
104,meat,1,Type_1,1,6faZqFCbq
104,mas,1,Type_1,1,6faZqFCbq
104,mat,1,Type_1,1,6faZqFCbq
104,meats,1,Type_1,1,6faZqFCbq
104,scam,1,Type_1,1,6faZqFCbq
104,set,1,Type_1,1,6faZqFCbq
104,ham,1,Type_1,1,6faZqFCbq
104,hate,1,Type_1,1,6faZqFCbq
104,mace,1,Type_1,1,6faZqFCbq
104,team,1,Type_1,1,6faZqFCbq
104,teams,1,Type_1,1,6faZqFCbq
104,seat,1,Type_1,1,6faZqFCbq
104,mate,1,Type_1,1,6faZqFCbq
104,mates,1,Type_1,1,6faZqFCbq
104,eat,1,Type_1,1,6faZqFCbq
104,eats,1,Type_1,1,6faZqFCbq
104,at,1,Type_1,1,6faZqFCbq
785,team,1,Type_0,1,P26rEcvgh
785,case,1,Type_0,1,P26rEcvgh
785,cash,1,Type_0,1,P26rEcvgh
785,mesh,1,Type_0,1,P26rEcvgh
785,mash,1,Type_0,1,P26rEcvgh
785,shame,1,Type_0,1,P26rEcvgh
785,meat,1,Type_0,1,P26rEcvgh
785,seam,1,Type_0,1,P26rEcvgh
785,hate,1,Type_0,1,P26rEcvgh
785,chase,1,Type_0,1,P26rEcvgh
785,cam,1,Type_0,1,P26rEcvgh
785,mate,1,Type_0,1,P26rEcvgh
785,ace,1,Type_0,1,P26rEcvgh
785,sham,1,Type_0,1,P26rEcvgh
785,chaste,1,Type_0,1,P26rEcvgh
785,heat,1,Type_0,1,P26rEcvgh
785,he,1,Type_0,1,P26rEcvgh
785,she,1,Type_0,1,P26rEcvgh
785,them,1,Type_0,1,P26rEcvgh
785,ah,1,Type_0,1,P26rEcvgh
785,ha,1,Type_0,1,P26rEcvgh
785,tame,1,Type_0,1,P26rEcvgh
785,same,1,Type_0,1,P26rEcvgh
785,tea,1,Type_0,1,P26rEcvgh
785,sea,1,Type_0,1,P26rEcvgh
785,the,1,Type_0,1,P26rEcvgh
785,came,1,Type_0,1,P26rEcvgh
785,cheat,1,Type_0,1,P26rEcvgh
785,stem,1,Type_0,1,P26rEcvgh
785,ash,1,Type_0,1,P26rEcvgh
785,ache,1,Type_0,1,P26rEcvgh
785,me,1,Type_0,1,P26rEcvgh
785,am,1,Type_0,1,P26rEcvgh
785,cat,1,Type_0,1,P26rEcvgh
785,hat,1,Type_0,1,P26rEcvgh
785,sat,1,Type_0,1,P26rEcvgh
785,mat,1,Type_0,1,P26rEcvgh
785,chat,1,Type_0,1,P26rEcvgh
785,shat,1,Type_0,1,P26rEcvgh
785,teams,1,Type_1,1,tyzuRfdEP
785,team,1,Type_1,1,tyzuRfdEP
785,chase,1,Type_1,1,tyzuRfdEP
785,act,1,Type_1,1,tyzuRfdEP
785,eat,1,Type_1,1,tyzuRfdEP
785,eats,1,Type_1,1,tyzuRfdEP
785,acts,1,Type_1,1,tyzuRfdEP
785,cats,1,Type_1,1,tyzuRfdEP
785,cat,1,Type_1,1,tyzuRfdEP
785,hat,1,Type_1,1,tyzuRfdEP
785,hats,1,Type_1,1,tyzuRfdEP
785,mesh,1,Type_1,1,tyzuRfdEP
785,cash,1,Type_1,1,tyzuRfdEP
785,sat,1,Type_1,1,tyzuRfdEP
785,seat,1,Type_1,1,tyzuRfdEP
785,hate,1,Type_1,1,tyzuRfdEP
785,sachet,1,Type_1,1,tyzuRfdEP
785,ate,1,Type_1,1,tyzuRfdEP
785,case,1,Type_1,1,tyzuRfdEP
785,meat,1,Type_1,1,tyzuRfdEP
785,meats,1,Type_1,1,tyzuRfdEP
785,heat,1,Type_1,1,tyzuRfdEP
785,cheat,1,Type_1,1,tyzuRfdEP
785,same,1,Type_1,1,tyzuRfdEP
785,ache,1,Type_1,1,tyzuRfdEP
785,aches,1,Type_1,1,tyzuRfdEP
785,cast,1,Type_1,1,tyzuRfdEP
785,chaste,1,Type_1,1,tyzuRfdEP
785,shame,1,Type_1,1,tyzuRfdEP
785,tame,1,Type_1,1,tyzuRfdEP
785,came,1,Type_1,1,tyzuRfdEP
785,haste,1,Type_1,1,tyzuRfdEP
785,sham,1,Type_1,1,tyzuRfdEP
785,shat,1,Type_1,1,tyzuRfdEP
785,scam,1,Type_1,1,tyzuRfdEP
785,ham,1,Type_1,1,tyzuRfdEP
785,hams,1,Type_1,1,tyzuRfdEP
785,stem,1,Type_1,1,tyzuRfdEP
785,ash,1,Type_1,1,tyzuRfdEP
785,mash,1,Type_1,1,tyzuRfdEP
785,hem,1,Type_1,1,tyzuRfdEP
785,hems,1,Type_1,1,tyzuRfdEP
785,ace,1,Type_1,1,tyzuRfdEP
785,mace,1,Type_1,1,tyzuRfdEP
785,mate,1,Type_1,1,tyzuRfdEP
785,as,1,Type_1,1,tyzuRfdEP
785,has,1,Type_1,1,tyzuRfdEP
785,me,1,Type_1,1,tyzuRfdEP
785,meth,1,Type_1,1,tyzuRfdEP
785,schema,1,Type_1,1,tyzuRfdEP
785,the,1,Type_1,1,tyzuRfdEP
785,them,1,Type_1,1,tyzuRfdEP
Valentine's Duo,haste,1,Type_1,1,B5CXJsYZy
Valentine's Duo,mesh,1,Type_1,1,B5CXJsYZy
Valentine's Duo,case,1,Type_1,1,B5CXJsYZy
Valentine's Duo,came,1,Type_1,1,B5CXJsYZy
Valentine's Duo,cam,1,Type_1,1,B5CXJsYZy
Valentine's Duo,cams,1,Type_1,1,B5CXJsYZy
Valentine's Duo,ham,1,Type_1,1,B5CXJsYZy
Valentine's Duo,hams,1,Type_1,1,B5CXJsYZy
Valentine's Duo,hat,1,Type_1,1,B5CXJsYZy
Valentine's Duo,hats,1,Type_1,1,B5CXJsYZy
Valentine's Duo,chest,1,Type_1,1,B5CXJsYZy
Valentine's Duo,cast,1,Type_1,1,B5CXJsYZy
Valentine's Duo,set,1,Type_1,1,B5CXJsYZy
Valentine's Duo,met,1,Type_1,1,B5CXJsYZy
Valentine's Duo,mate,1,Type_1,1,B5CXJsYZy
Valentine's Duo,mates,1,Type_1,1,B5CXJsYZy
Valentine's Duo,hate,1,Type_1,1,B5CXJsYZy
Valentine's Duo,cat,1,Type_1,1,B5CXJsYZy
Valentine's Duo,cats,1,Type_1,1,B5CXJsYZy
Valentine's Duo,has,1,Type_1,1,B5CXJsYZy
Valentine's Duo,as,1,Type_1,1,B5CXJsYZy
Valentine's Duo,at,1,Type_1,1,B5CXJsYZy
Valentine's Duo,eat,1,Type_1,1,B5CXJsYZy
Valentine's Duo,eats,1,Type_1,1,B5CXJsYZy
Valentine's Duo,meat,1,Type_1,1,B5CXJsYZy
Valentine's Duo,meta,1,Type_1,1,B5CXJsYZy
Valentine's Duo,meats,1,Type_1,1,B5CXJsYZy
Valentine's Duo,heat,1,Type_1,1,B5CXJsYZy
Valentine's Duo,heats,1,Type_1,1,B5CXJsYZy
Valentine's Duo,seam,1,Type_1,1,B5CXJsYZy
Valentine's Duo,am,1,Type_1,1,B5CXJsYZy
Valentine's Duo,chase,1,Type_1,1,B5CXJsYZy
Valentine's Duo,tech,1,Type_1,1,B5CXJsYZy
Valentine's Duo,hem,1,Type_1,1,B5CXJsYZy
Valentine's Duo,sac,1,Type_1,1,B5CXJsYZy
Valentine's Duo,sat,1,Type_1,1,B5CXJsYZy
Valentine's Duo,mat,1,Type_1,1,B5CXJsYZy
Valentine's Duo,mats,1,Type_1,1,B5CXJsYZy
Valentine's Duo,steam,1,Type_1,1,B5CXJsYZy
Valentine's Duo,mast,1,Type_1,1,B5CXJsYZy
Valentine's Duo,mach,1,Type_1,1,B5CXJsYZy
Valentine's Duo,machs,1,Type_1,1,B5CXJsYZy
Valentine's Duo,cates,1,Type_1,1,B5CXJsYZy
Valentine's Duo,sate,1,Type_1,1,B5CXJsYZy
Valentine's Duo,same,1,Type_1,1,B5CXJsYZy
Valentine's Duo,hame,1,Type_1,1,B5CXJsYZy
Valentine's Duo,tame,1,Type_1,1,B5CXJsYZy
Valentine's Duo,caste,1,Type_1,1,B5CXJsYZy
Valentine's Duo,mash,1,Type_1,1,B5CXJsYZy
Valentine's Duo,cash,1,Type_1,1,B5CXJsYZy
Valentine's Duo,hast,1,Type_1,1,B5CXJsYZy
Valentine's Duo,sea,1,Type_1,1,B5CXJsYZy
Valentine's Duo,seat,1,Type_1,1,B5CXJsYZy
Valentine's Duo,team,1,Type_1,1,B5CXJsYZy
Valentine's Duo,teams,1,Type_1,1,B5CXJsYZy
Valentine's Duo,shat,1,Type_1,1,B5CXJsYZy
Valentine's Duo,sham,1,Type_1,1,B5CXJsYZy
Valentine's Duo,he,1,Type_1,1,B5CXJsYZy
Valentine's Duo,hes,1,Type_1,1,B5CXJsYZy
Valentine's Duo,tea,1,Type_1,1,B5CXJsYZy
Valentine's Duo,teas,1,Type_1,1,B5CXJsYZy
Valentine's Duo,ace,1,Type_1,1,B5CXJsYZy
Valentine's Duo,aces,1,Type_1,1,B5CXJsYZy
Valentine's Duo,stem,1,Type_1,1,B5CXJsYZy
Valentine's Duo,cheat,1,Type_1,1,B5CXJsYZy
Valentine's Duo,cheats,1,Type_1,1,B5CXJsYZy
Valentine's Duo,chat,1,Type_1,1,B5CXJsYZy
Valentine's Duo,chats,1,Type_1,1,B5CXJsYZy
Valentine's Duo,mesa,1,Type_1,1,B5CXJsYZy
Valentine's Duo,mace,1,Type_1,1,B5CXJsYZy
Valentine's Duo,maces,1,Type_1,1,B5CXJsYZy
Valentine's Duo,tace,1,Type_1,1,B5CXJsYZy
Valentine's Duo,matches,1,Type_1,1,B5CXJsYZy
Valentine's Duo,match,1,Type_1,1,B5CXJsYZy
Valentine's Duo,tea,1,Type_1,1,8E3Yx74uO
Valentine's Duo,team,1,Type_1,1,8E3Yx74uO
Valentine's Duo,teams,1,Type_1,1,8E3Yx74uO
Valentine's Duo,teas,1,Type_1,1,8E3Yx74uO
Valentine's Duo,teach,1,Type_1,1,8E3Yx74uO
Valentine's Duo,met,1,Type_1,1,8E3Yx74uO
Valentine's Duo,match,1,Type_1,1,8E3Yx74uO
Valentine's Duo,matches,1,Type_1,1,8E3Yx74uO
Valentine's Duo,math,1,Type_1,1,8E3Yx74uO
Valentine's Duo,mast,1,Type_1,1,8E3Yx74uO
Valentine's Duo,mac,1,Type_1,1,8E3Yx74uO
Valentine's Duo,macs,1,Type_1,1,8E3Yx74uO
Valentine's Duo,mesh,1,Type_1,1,8E3Yx74uO
Valentine's Duo,meat,1,Type_1,1,8E3Yx74uO
Valentine's Duo,meats,1,Type_1,1,8E3Yx74uO
Valentine's Duo,set,1,Type_1,1,8E3Yx74uO
Valentine's Duo,as,1,Type_1,1,8E3Yx74uO
Valentine's Duo,sec,1,Type_1,1,8E3Yx74uO
Valentine's Duo,sea,1,Type_1,1,8E3Yx74uO
Valentine's Duo,seam,1,Type_1,1,8E3Yx74uO
Valentine's Duo,each,1,Type_1,1,8E3Yx74uO
Valentine's Duo,hat,1,Type_1,1,8E3Yx74uO
Valentine's Duo,hats,1,Type_1,1,8E3Yx74uO
Valentine's Duo,hem,1,Type_1,1,8E3Yx74uO
Valentine's Duo,hems,1,Type_1,1,8E3Yx74uO
Valentine's Duo,hate,1,Type_1,1,8E3Yx74uO
Valentine's Duo,haste,1,Type_1,1,8E3Yx74uO
Valentine's Duo,ham,1,Type_1,1,8E3Yx74uO
Valentine's Duo,hams,1,Type_1,1,8E3Yx74uO
Valentine's Duo,came,1,Type_1,1,8E3Yx74uO
Valentine's Duo,cheat,1,Type_1,1,8E3Yx74uO
Valentine's Duo,cheats,1,Type_1,1,8E3Yx74uO
Valentine's Duo,cast,1,Type_1,1,8E3Yx74uO
Valentine's Duo,caste,1,Type_1,1,8E3Yx74uO
Valentine's Duo,cat,1,Type_1,1,8E3Yx74uO
Valentine's Duo,cats,1,Type_1,1,8E3Yx74uO
Valentine's Duo,at,1,Type_1,1,8E3Yx74uO
Valentine's Duo,ate,1,Type_1,1,8E3Yx74uO
Valentine's Duo,eat,1,Type_1,1,8E3Yx74uO
Valentine's Duo,eats,1,Type_1,1,8E3Yx74uO
Valentine's Duo,am,1,Type_1,1,8E3Yx74uO
Valentine's Duo,ash,1,Type_1,1,8E3Yx74uO
Valentine's Duo,ahem,1,Type_1,1,8E3Yx74uO
Valentine's Duo,ace,1,Type_1,1,8E3Yx74uO
Valentine's Duo,act,1,Type_1,1,8E3Yx74uO
Valentine's Duo,he,1,Type_1,1,8E3Yx74uO
Valentine's Duo,she,1,Type_1,1,8E3Yx74uO
Valentine's Duo,seat,1,Type_1,1,8E3Yx74uO
1,ache,1,Type_1,1,YBL5kiDq9
1,tame,1,Type_1,1,YBL5kiDq9
1,tea,1,Type_1,1,YBL5kiDq9
1,teas,1,Type_1,1,YBL5kiDq9
1,eat,1,Type_1,1,YBL5kiDq9
1,eats,1,Type_1,1,YBL5kiDq9
1,meta,1,Type_1,1,YBL5kiDq9
1,meat,1,Type_1,1,YBL5kiDq9
1,meats,1,Type_1,1,YBL5kiDq9
1,met,1,Type_1,1,YBL5kiDq9
1,mat,1,Type_1,1,YBL5kiDq9
1,mats,1,Type_1,1,YBL5kiDq9
1,mac,1,Type_1,1,YBL5kiDq9
1,set,1,Type_1,1,YBL5kiDq9
1,same,1,Type_1,1,YBL5kiDq9
1,shame,1,Type_1,1,YBL5kiDq9
1,stem,1,Type_1,1,YBL5kiDq9
1,hat,1,Type_1,1,YBL5kiDq9
1,hats,1,Type_1,1,YBL5kiDq9
1,hate,1,Type_1,1,YBL5kiDq9
1,hem,1,Type_1,1,YBL5kiDq9
1,hems,1,Type_1,1,YBL5kiDq9
1,haste,1,Type_1,1,YBL5kiDq9
1,cat,1,Type_1,1,YBL5kiDq9
1,cats,1,Type_1,1,YBL5kiDq9
1,seat,1,Type_1,1,YBL5kiDq9
1,came,1,Type_1,1,YBL5kiDq9
1,ate,1,Type_1,1,YBL5kiDq9
1,sea,1,Type_1,1,YBL5kiDq9
1,mash,1,Type_1,1,YBL5kiDq9
1,scam,1,Type_1,1,YBL5kiDq9
1,ham,1,Type_1,1,YBL5kiDq9
1,hams,1,Type_1,1,YBL5kiDq9
1,shat,1,Type_1,1,YBL5kiDq9
